rainfall_mm,temperature_c,fertilizer_kg,irrigation_hours,soil_ph,crop_type,soil_type,yield_ton_per_hectare
588.6,18.6,242.4,6.5,6.5,Maize,Loamy,5.92
772.8,34.6,247.2,10.0,6.5,Maize,Sandy,6.24
970.9,36.3,168.4,7.3,6.4,Wheat,Sandy,4.77
611.7,19.0,121.7,3.7,6.0,Maize,Loamy,4.04
696.1,29.6,184.6,5.1,6.1,Cotton,Clay,5.17
831.9,28.0,190.3,2.1,6.1,Soybean,Loamy,5.5
1023.8,32.0,108.5,6.9,6.2,Cotton,Loamy,5.44
1142.4,18.4,241.9,4.1,7.3,Soybean,Sandy,5.88
810.4,36.4,164.8,9.9,6.5,Wheat,Loamy,6.35
1085.5,29.4,89.3,8.3,5.8,Cotton,Loamy,6.3
377.4,21.9,164.8,7.9,7.4,Rice,Sandy,5.01
1028.6,34.0,134.9,4.9,6.4,Soybean,Loamy,5.35
854.3,25.5,82.3,2.9,5.9,Soybean,Sandy,4.06
717.9,22.9,83.0,3.9,7.2,Soybean,Clay,4.89
526.6,19.5,136.8,1.2,7.8,Cotton,Clay,3.58
697.2,21.1,124.3,2.9,6.7,Wheat,Loamy,4.9
428.5,37.9,78.5,6.6,7.4,Cotton,Clay,3.36
810.3,32.8,230.9,8.9,7.1,Maize,Loamy,6.18
842.8,30.7,230.6,3.5,6.9,Cotton,Sandy,4.26
1002.3,32.1,178.2,8.9,6.5,Wheat,Sandy,5.62
1062.9,19.8,91.4,9.2,6.8,Wheat,Clay,5.91
898.7,33.6,182.0,1.0,6.4,Wheat,Loamy,4.84
707.1,20.5,245.2,1.8,7.0,Cotton,Sandy,3.84
981.0,23.4,110.2,3.5,7.7,Rice,Clay,5.97
934.7,30.2,103.4,8.6,6.3,Wheat,Sandy,5.45
1191.0,22.4,162.6,5.1,6.3,Wheat,Loamy,5.91
695.0,33.3,191.6,7.2,6.6,Wheat,Sandy,4.67
580.8,34.0,133.7,9.2,6.0,Soybean,Loamy,5.28
454.8,26.7,115.3,5.5,7.3,Wheat,Sandy,4.33
804.1,30.2,121.1,5.5,7.2,Soybean,Sandy,4.58
397.4,25.8,74.7,3.4,6.8,Soybean,Clay,3.64
497.1,36.6,237.0,2.1,7.3,Wheat,Sandy,3.85
1143.9,21.0,234.0,7.1,5.7,Soybean,Clay,6.34
1056.9,27.3,150.0,5.1,6.2,Soybean,Clay,5.92
643.0,30.9,62.0,3.0,5.5,Soybean,Clay,4.37
452.7,20.8,108.9,5.0,7.5,Soybean,Clay,4.15
591.9,24.4,197.3,6.0,7.0,Soybean,Sandy,5.18
681.9,21.3,77.2,2.0,7.1,Rice,Sandy,4.35
1093.1,20.6,136.5,3.2,7.8,Maize,Sandy,4.13
685.0,25.6,120.6,7.6,6.6,Wheat,Clay,5.75
605.7,20.4,232.1,2.0,6.0,Maize,Sandy,3.74
736.3,23.4,142.7,9.0,6.6,Maize,Clay,5.58
727.4,22.5,129.1,1.9,7.0,Rice,Sandy,3.99
1174.6,30.4,95.1,5.9,7.8,Wheat,Sandy,5.78
328.8,21.7,60.2,3.8,7.6,Cotton,Sandy,2.64
940.8,26.6,69.6,3.9,7.6,Soybean,Loamy,5.6
907.6,28.6,218.5,3.1,6.9,Soybean,Sandy,5.04
905.3,19.2,74.2,2.6,6.5,Rice,Sandy,3.9
1072.2,19.3,99.0,8.7,6.1,Soybean,Loamy,6.56
620.5,23.8,244.7,4.2,7.3,Soybean,Sandy,4.91
544.9,21.8,84.3,2.4,6.8,Cotton,Clay,3.4
350.7,35.5,110.2,3.0,5.8,Soybean,Clay,3.1
840.6,33.7,190.1,5.6,6.0,Maize,Loamy,5.53
1020.8,35.0,215.9,9.4,5.5,Maize,Clay,6.07
929.8,28.7,107.2,1.9,7.6,Wheat,Clay,4.87
771.6,28.5,213.2,6.9,6.7,Soybean,Loamy,5.91
587.7,24.2,205.7,6.6,6.4,Rice,Sandy,5.35
898.1,21.1,147.6,4.0,6.9,Rice,Clay,5.99
1055.6,32.5,100.4,1.7,5.9,Rice,Sandy,4.96
927.7,25.2,80.7,3.5,7.9,Soybean,Clay,4.67
496.8,36.7,52.2,2.2,6.7,Soybean,Loamy,3.63
439.7,19.3,164.0,5.7,7.7,Maize,Sandy,3.67
817.9,18.8,116.4,1.6,6.4,Cotton,Clay,3.57
450.6,29.2,187.9,1.9,6.3,Soybean,Sandy,3.56
1098.2,32.7,109.3,6.0,7.9,Maize,Loamy,5.6
313.1,35.1,63.6,4.1,7.3,Rice,Loamy,4.56
563.4,30.4,161.1,7.1,6.0,Rice,Sandy,5.61
1055.7,35.5,223.6,6.9,5.7,Soybean,Loamy,6.83
919.0,22.8,71.0,6.7,7.0,Cotton,Loamy,5.07
836.2,32.5,106.2,10.0,7.5,Cotton,Clay,5.56
411.2,36.1,227.7,9.6,7.3,Rice,Clay,6.26
459.4,18.7,58.6,6.7,7.0,Soybean,Clay,4.65
1065.2,22.8,200.6,3.5,5.9,Maize,Sandy,5.09
628.8,35.3,249.5,5.6,7.1,Cotton,Clay,5.04
669.8,22.7,84.0,7.1,7.9,Cotton,Loamy,5.18
784.0,37.2,71.3,5.8,5.5,Maize,Clay,4.29
666.5,30.3,148.5,7.3,7.1,Cotton,Loamy,5.2
1189.7,34.9,67.9,1.2,7.1,Cotton,Clay,4.08
459.8,34.4,225.7,5.6,7.8,Maize,Sandy,4.46
683.8,18.5,170.2,8.8,7.9,Rice,Clay,5.58
1174.4,24.8,96.0,2.0,6.1,Soybean,Clay,5.71
605.1,27.2,240.8,3.2,7.2,Maize,Sandy,4.85
333.6,32.0,138.5,7.1,7.4,Cotton,Loamy,3.98
499.6,27.8,80.3,3.1,6.6,Soybean,Sandy,3.8
448.1,24.3,113.8,4.1,7.0,Cotton,Loamy,4.04
355.0,24.1,100.3,5.6,5.5,Wheat,Sandy,3.27
606.1,22.3,57.6,9.6,5.6,Maize,Loamy,5.41
634.6,30.9,220.4,3.2,7.9,Maize,Loamy,4.93
846.0,28.6,235.3,8.1,7.6,Rice,Sandy,6.79
926.9,31.6,172.1,4.7,5.9,Wheat,Sandy,4.87
694.3,22.5,127.8,6.6,5.7,Maize,Clay,5.28
897.3,33.5,143.6,3.2,6.8,Wheat,Loamy,5.56
1183.6,34.8,151.3,6.9,6.4,Maize,Loamy,6.45
811.7,20.3,84.2,5.4,6.0,Wheat,Clay,5.24
1193.2,37.2,76.4,5.9,7.4,Rice,Sandy,5.85
849.9,24.5,183.4,4.5,5.9,Maize,Clay,5.78
479.4,25.1,78.4,2.8,6.0,Maize,Sandy,3.51
424.1,23.7,84.3,7.3,7.1,Wheat,Sandy,3.76
543.4,31.6,88.8,4.4,5.8,Maize,Loamy,4.59
674.8,27.0,171.5,4.5,6.9,Wheat,Loamy,5.12
564.8,25.4,149.1,5.2,5.5,Wheat,Sandy,4.76
950.5,22.7,219.4,3.3,6.8,Rice,Loamy,6.25
699.0,33.5,189.8,6.8,7.6,Rice,Sandy,5.32
366.8,28.8,167.7,6.2,6.9,Cotton,Loamy,4.62
923.4,37.0,60.0,1.3,6.4,Cotton,Clay,3.51
812.1,31.7,195.1,7.8,5.6,Wheat,Sandy,5.51
839.3,23.3,197.9,5.7,7.9,Wheat,Loamy,6.01
714.7,31.4,62.8,5.9,7.0,Rice,Loamy,5.36
527.2,31.8,207.0,6.9,6.2,Soybean,Sandy,4.42
1177.4,19.0,63.6,5.7,7.8,Cotton,Loamy,4.97
799.6,36.7,55.7,8.3,6.8,Cotton,Clay,4.5
900.6,29.8,248.7,1.3,7.1,Rice,Sandy,5.14
625.9,27.2,246.4,5.6,6.2,Cotton,Clay,5.58
416.4,30.7,194.0,5.1,7.6,Rice,Clay,4.8
468.6,33.3,106.1,9.0,6.1,Wheat,Clay,4.65
901.1,33.6,64.8,3.7,7.5,Wheat,Loamy,5.0
831.4,23.5,91.8,5.2,6.4,Maize,Sandy,4.82
375.1,36.3,172.4,8.5,5.8,Cotton,Clay,3.92
1196.8,19.8,246.9,1.7,6.0,Soybean,Sandy,5.48
427.0,24.0,113.0,4.8,7.2,Maize,Sandy,3.18
445.8,34.4,232.7,3.6,7.0,Wheat,Sandy,3.96
708.3,30.4,113.9,8.1,6.3,Maize,Clay,5.12
927.0,26.8,119.8,6.1,7.2,Rice,Clay,6.47
1183.5,24.0,173.3,6.5,7.4,Cotton,Loamy,6.65
789.0,27.8,65.1,8.1,5.9,Cotton,Loamy,5.07
690.4,22.6,131.9,3.6,5.8,Maize,Loamy,4.82
1054.4,28.0,104.0,6.8,6.9,Wheat,Loamy,6.7
1107.4,28.0,206.1,3.4,7.8,Wheat,Clay,5.79
788.6,35.9,229.5,1.6,7.5,Rice,Sandy,4.87
1167.6,24.2,89.4,1.4,5.9,Soybean,Sandy,4.71
319.8,35.0,116.6,3.0,5.5,Rice,Sandy,2.97
547.5,28.1,170.5,4.9,6.8,Soybean,Sandy,4.55
839.6,27.7,67.5,7.6,6.7,Cotton,Loamy,5.78
1020.6,33.3,161.9,2.9,7.9,Wheat,Sandy,4.85
623.6,30.4,80.8,6.3,6.2,Cotton,Loamy,4.57
562.6,20.1,175.5,6.6,7.2,Wheat,Sandy,4.15
733.7,33.2,82.3,1.3,5.7,Wheat,Sandy,3.33
833.7,34.9,149.0,2.3,5.7,Maize,Sandy,3.83
1143.3,34.6,199.3,9.8,8.0,Soybean,Clay,6.83
425.7,32.6,57.9,7.7,6.6,Soybean,Loamy,4.43
608.0,33.8,60.8,4.1,6.2,Wheat,Loamy,4.26
698.3,25.9,70.4,7.0,6.6,Soybean,Clay,4.79
778.8,34.8,112.6,5.0,7.8,Soybean,Sandy,4.13
772.7,26.1,204.5,10.0,7.6,Rice,Loamy,7.78
1108.5,19.3,133.7,1.1,6.1,Maize,Sandy,3.86
770.2,19.2,183.5,3.4,7.0,Maize,Clay,4.28
955.5,37.5,114.6,2.9,6.6,Rice,Clay,5.46
580.0,29.1,63.5,8.2,5.6,Soybean,Clay,5.02
426.1,37.7,109.6,9.3,6.3,Cotton,Loamy,4.15
1114.8,24.1,215.0,2.4,6.2,Wheat,Clay,6.17
306.1,31.9,81.3,2.6,5.8,Cotton,Sandy,2.21
771.3,22.0,63.0,4.1,5.8,Rice,Clay,5.27
341.1,19.6,195.6,7.8,7.4,Cotton,Loamy,4.7
559.2,36.5,55.8,7.3,7.5,Maize,Clay,4.08
1120.8,19.1,229.6,2.4,7.5,Rice,Sandy,4.97
906.0,21.3,143.7,8.8,8.0,Maize,Loamy,6.25
400.2,36.5,140.6,1.8,7.3,Rice,Clay,4.28
1078.9,35.9,213.4,9.7,6.4,Cotton,Sandy,6.17
1029.5,21.5,180.5,9.3,7.6,Maize,Loamy,6.53
832.4,34.6,194.9,2.2,7.6,Rice,Loamy,5.04
715.6,24.8,127.3,4.0,6.8,Wheat,Loamy,4.64
702.9,31.7,53.0,3.2,6.6,Soybean,Sandy,4.1
522.6,31.6,222.5,4.5,5.7,Soybean,Clay,5.07
1133.0,27.5,210.6,1.2,6.9,Soybean,Loamy,6.42
1163.7,33.6,222.1,9.8,6.9,Soybean,Sandy,6.26
913.9,33.6,84.5,4.3,6.4,Soybean,Sandy,4.83
554.5,36.2,192.5,7.8,7.4,Maize,Loamy,4.82
773.5,24.1,119.5,2.6,7.8,Maize,Loamy,5.05
919.7,23.6,103.0,1.3,5.8,Maize,Loamy,4.47
838.7,26.4,234.0,2.5,7.6,Soybean,Sandy,5.12
723.8,21.5,136.6,9.1,7.4,Cotton,Clay,5.42
768.3,32.8,65.4,9.4,6.4,Soybean,Clay,5.49
817.8,18.3,206.6,4.1,7.4,Cotton,Sandy,4.26
585.4,33.1,134.2,4.6,7.6,Maize,Loamy,4.69
927.0,30.4,153.9,8.6,5.8,Soybean,Clay,6.56
626.6,25.8,144.6,5.0,6.8,Wheat,Loamy,5.05
1063.1,22.0,184.5,5.8,6.2,Cotton,Loamy,5.42
344.5,26.6,146.3,8.6,7.3,Soybean,Clay,5.36
368.2,25.9,200.4,5.7,5.7,Soybean,Clay,4.85
540.9,34.8,189.8,7.0,6.7,Rice,Loamy,5.35
614.6,27.8,147.3,8.9,5.9,Cotton,Loamy,5.98
704.9,18.9,110.9,4.7,7.8,Rice,Clay,4.81
1050.3,32.2,111.0,7.1,7.2,Soybean,Clay,5.96
744.0,27.9,99.2,5.2,5.5,Cotton,Loamy,5.1
569.7,29.1,171.1,7.1,7.9,Soybean,Sandy,5.4
749.3,28.4,127.9,6.0,6.0,Maize,Sandy,5.18
439.8,34.7,170.3,6.3,7.4,Cotton,Loamy,3.98
1180.7,22.7,124.7,6.1,7.7,Wheat,Loamy,5.97
410.4,34.3,141.8,5.4,5.9,Maize,Sandy,3.32
988.8,24.8,209.7,2.2,6.5,Wheat,Sandy,5.29
455.1,32.9,76.8,8.7,7.3,Cotton,Sandy,4.18
853.5,31.2,125.1,5.5,7.5,Cotton,Loamy,5.11
349.1,28.4,155.4,8.6,5.8,Maize,Loamy,5.11
916.7,33.4,162.2,8.7,7.1,Maize,Loamy,6.13
754.0,26.9,245.7,9.8,6.9,Soybean,Sandy,6.2
1113.6,18.3,249.8,1.3,6.9,Soybean,Loamy,5.58
883.3,22.2,173.8,6.4,6.1,Rice,Loamy,6.89
674.5,27.8,100.2,5.4,7.7,Cotton,Loamy,4.39
942.6,31.0,203.2,8.9,8.0,Rice,Clay,6.51
1032.4,30.6,129.0,5.2,7.9,Soybean,Loamy,5.88
1094.0,25.6,104.3,3.4,7.9,Rice,Clay,6.25
528.2,18.1,77.0,9.1,7.9,Soybean,Sandy,4.35
765.3,36.5,51.8,1.3,5.6,Rice,Loamy,4.5
860.8,26.6,60.3,3.1,6.1,Rice,Loamy,5.76
611.2,24.4,123.0,1.1,7.5,Soybean,Loamy,4.36
771.6,28.9,175.6,7.4,5.8,Rice,Clay,6.44
1199.5,27.9,121.8,4.9,7.1,Rice,Clay,6.57
806.6,25.7,96.4,4.1,8.0,Rice,Loamy,6.05
575.1,32.5,179.4,9.8,7.0,Rice,Clay,6.58
1198.7,22.0,104.7,8.2,5.6,Soybean,Sandy,5.72
638.5,32.6,103.9,1.9,6.4,Cotton,Loamy,3.94
924.7,29.5,209.3,6.6,7.7,Soybean,Clay,6.47
769.9,18.1,118.8,1.7,7.2,Soybean,Clay,4.16
525.3,26.8,243.0,5.0,6.4,Rice,Loamy,6.56
774.5,32.1,138.7,10.0,5.8,Wheat,Loamy,5.89
960.6,34.8,215.5,9.3,6.7,Wheat,Clay,6.03
775.4,26.2,164.7,8.4,7.9,Cotton,Loamy,6.49
862.6,34.3,187.8,4.0,7.9,Cotton,Clay,4.48
460.0,31.7,157.9,8.8,6.4,Rice,Sandy,5.35
1019.1,29.8,237.4,1.6,6.8,Soybean,Loamy,5.85
585.2,22.7,231.3,7.7,7.3,Wheat,Loamy,5.79
476.4,37.5,128.7,2.1,6.4,Wheat,Sandy,3.16
990.7,33.1,116.6,5.8,6.6,Rice,Clay,5.82
696.9,35.9,96.0,8.5,5.6,Rice,Loamy,5.56
387.0,34.0,246.5,2.9,6.5,Wheat,Sandy,3.34
1005.4,30.0,238.1,5.9,7.1,Rice,Loamy,6.61
435.9,28.8,229.9,5.2,6.3,Maize,Clay,5.12
972.8,24.3,229.0,1.1,7.0,Maize,Loamy,5.25
1083.7,31.8,152.5,7.2,7.0,Cotton,Clay,5.75
602.9,26.9,71.9,7.1,7.3,Wheat,Sandy,4.97
396.4,28.7,155.1,5.0,7.6,Wheat,Sandy,4.07
1033.6,30.1,57.1,9.7,7.5,Wheat,Loamy,6.05
385.3,33.3,225.2,7.6,5.9,Wheat,Clay,5.4
959.2,25.0,163.0,8.3,7.7,Wheat,Clay,6.48
379.6,30.9,93.9,6.6,7.9,Soybean,Clay,4.02
1049.3,31.9,55.1,6.0,6.4,Rice,Clay,5.95
995.0,29.6,185.9,5.9,6.8,Soybean,Clay,5.68
1115.9,22.4,217.7,8.5,6.1,Rice,Sandy,7.28
1096.1,21.4,204.9,1.5,6.8,Wheat,Loamy,5.68
1164.9,28.7,228.9,2.6,7.8,Cotton,Loamy,5.97
367.6,35.9,138.9,7.6,7.4,Wheat,Clay,4.41
351.1,31.0,206.3,3.0,5.5,Soybean,Loamy,4.54
927.3,35.4,82.5,3.6,6.7,Cotton,Loamy,4.38
309.9,18.1,182.6,6.1,7.8,Cotton,Clay,4.17
518.5,25.7,61.1,8.3,7.9,Cotton,Sandy,3.75
696.3,19.9,101.7,9.4,7.5,Cotton,Clay,5.24
455.1,36.6,242.1,2.3,5.7,Rice,Sandy,4.43
1158.0,19.2,208.3,3.4,6.7,Wheat,Sandy,5.59
1118.6,37.2,171.9,6.2,6.7,Rice,Sandy,5.75
793.2,30.2,77.8,3.8,7.5,Soybean,Clay,4.55
909.8,26.1,101.7,9.4,6.9,Cotton,Sandy,5.13
711.6,21.7,54.0,3.1,6.9,Cotton,Sandy,3.32
550.1,26.1,61.9,3.4,7.2,Rice,Loamy,5.37
836.0,20.6,74.4,8.0,6.6,Wheat,Clay,5.49
645.9,22.6,91.4,7.1,7.1,Cotton,Loamy,5.08
775.7,26.5,228.4,5.9,7.2,Rice,Sandy,6.16
1128.3,27.5,56.2,7.6,7.7,Maize,Clay,6.46
389.7,25.2,73.1,6.5,7.3,Maize,Loamy,4.15
560.6,23.7,190.5,3.7,6.5,Wheat,Clay,5.02
569.6,34.7,80.5,6.2,5.9,Cotton,Loamy,3.83
1177.1,20.4,192.0,6.1,6.8,Maize,Loamy,5.94
1122.1,30.0,106.2,8.1,7.7,Cotton,Clay,5.46
424.5,27.2,170.4,10.0,7.4,Soybean,Clay,5.71
491.7,30.4,220.8,5.9,7.7,Rice,Sandy,5.61
752.5,25.9,245.7,6.0,7.4,Maize,Sandy,5.54
1087.2,22.7,148.5,8.8,5.9,Rice,Clay,6.82
477.8,37.6,149.1,6.1,6.9,Cotton,Loamy,4.44
357.8,19.1,132.5,7.6,5.5,Cotton,Sandy,3.45
978.5,25.9,99.8,7.8,6.6,Maize,Sandy,5.79
841.7,18.5,203.5,1.5,7.6,Cotton,Loamy,4.69
306.1,18.5,172.6,7.9,7.3,Wheat,Loamy,4.64
489.5,21.0,85.7,7.2,7.3,Cotton,Loamy,4.78
1142.8,18.2,239.8,4.5,6.7,Soybean,Loamy,6.2
436.5,23.8,155.0,6.2,5.7,Wheat,Loamy,5.14
337.2,22.6,149.6,9.3,6.2,Cotton,Sandy,3.92
1168.8,29.0,60.3,1.9,5.6,Soybean,Sandy,4.69
421.4,27.8,88.4,5.6,6.0,Cotton,Loamy,4.47
805.2,26.1,67.5,2.2,7.6,Rice,Loamy,4.96
1063.3,34.3,192.8,5.3,6.6,Wheat,Clay,5.28
1117.5,37.6,179.4,1.3,5.5,Cotton,Loamy,4.45
666.2,23.3,116.7,1.4,7.9,Cotton,Clay,3.62
318.7,35.7,145.8,6.3,6.9,Soybean,Loamy,4.45
323.6,19.6,116.1,8.3,6.0,Maize,Clay,4.55
701.9,33.3,82.3,4.6,7.0,Soybean,Clay,4.74
687.9,22.1,247.5,2.6,6.8,Maize,Loamy,5.53
619.8,23.8,112.1,5.2,5.8,Wheat,Loamy,5.08
958.8,33.8,94.6,7.8,5.9,Soybean,Clay,6.18
634.9,27.2,147.7,5.2,6.2,Maize,Clay,5.14
703.5,26.0,218.2,2.0,5.7,Cotton,Clay,4.16
471.4,19.9,227.5,10.0,6.1,Rice,Loamy,6.84
519.9,21.6,184.1,3.0,8.0,Soybean,Loamy,4.66
1101.6,19.8,169.7,5.1,6.8,Rice,Clay,5.84
993.0,34.6,135.8,3.4,5.7,Rice,Clay,5.35
658.0,37.3,130.7,5.5,7.1,Wheat,Clay,4.84
527.1,26.7,96.5,4.3,6.1,Cotton,Loamy,4.13
819.9,30.5,202.0,1.3,6.5,Wheat,Clay,5.13
676.7,19.6,90.8,6.1,6.6,Rice,Sandy,4.78
1134.9,23.8,76.4,2.1,6.1,Rice,Sandy,4.83
775.4,26.2,210.4,3.5,5.7,Rice,Clay,5.54
833.9,24.9,75.0,8.5,7.0,Soybean,Sandy,5.48
940.6,21.7,90.1,9.5,7.3,Maize,Loamy,6.62
341.5,31.4,155.8,3.2,5.8,Maize,Clay,4.03
982.0,32.7,237.0,8.1,5.7,Maize,Sandy,5.71
741.4,19.8,63.0,6.7,6.8,Maize,Loamy,5.08
494.2,22.2,213.4,7.0,6.8,Soybean,Clay,5.01
872.9,20.7,127.0,1.7,6.1,Maize,Clay,4.64
529.2,34.5,221.9,5.3,6.3,Rice,Loamy,6.09
678.2,31.0,248.5,9.3,7.9,Soybean,Loamy,7.01
809.8,24.0,92.8,7.4,7.3,Cotton,Loamy,4.92
704.7,19.1,119.6,8.8,7.8,Rice,Loamy,6.01
421.5,19.7,111.7,1.4,6.6,Wheat,Sandy,3.29
412.6,37.3,154.8,2.3,5.9,Cotton,Sandy,2.26
1006.6,32.9,216.5,1.1,7.5,Maize,Sandy,4.24
926.0,26.8,91.4,2.0,6.9,Rice,Sandy,5.21
564.5,37.0,79.7,9.6,8.0,Cotton,Sandy,4.27
729.2,32.9,90.4,9.6,7.4,Cotton,Loamy,5.62
1052.2,36.7,230.1,3.8,6.6,Wheat,Clay,5.39
936.9,25.1,80.5,3.4,7.8,Wheat,Clay,4.99
306.3,32.7,198.8,5.9,5.7,Maize,Loamy,4.33
347.6,25.1,69.8,3.4,6.2,Soybean,Clay,3.79
471.7,18.6,145.4,3.3,6.7,Wheat,Clay,4.26
1126.0,32.3,182.6,6.1,6.8,Soybean,Loamy,6.36
663.8,28.3,214.3,7.3,7.9,Maize,Loamy,5.91
1106.9,22.4,171.6,3.9,7.4,Rice,Sandy,5.74
752.1,25.7,233.5,2.7,7.0,Wheat,Clay,4.8
514.8,21.8,70.6,2.7,7.1,Rice,Sandy,3.2
380.3,34.5,157.5,2.9,6.7,Rice,Clay,4.3
391.6,27.7,198.7,8.5,7.9,Soybean,Clay,6.05
953.8,19.7,165.9,2.0,6.0,Maize,Sandy,3.74
860.7,28.7,193.1,3.3,7.9,Maize,Sandy,4.65
774.1,33.8,169.0,1.1,6.4,Cotton,Clay,4.02
495.6,37.0,99.7,5.8,5.6,Wheat,Clay,3.78
431.0,32.8,210.7,2.0,7.0,Cotton,Loamy,3.53
648.0,21.6,149.0,6.6,5.5,Rice,Sandy,5.37
791.7,32.8,143.3,3.3,6.3,Maize,Clay,4.19
1180.1,34.4,134.2,9.7,6.6,Wheat,Loamy,7.07
565.3,22.0,92.8,4.6,7.5,Wheat,Sandy,3.49
1156.7,28.1,81.2,7.3,7.8,Rice,Loamy,7.49
454.9,33.0,65.1,4.5,5.6,Maize,Sandy,2.76
1124.0,21.1,219.7,9.0,7.6,Cotton,Loamy,6.3
1081.0,33.4,235.3,5.1,7.7,Rice,Clay,6.38
1047.5,31.9,138.0,9.8,5.9,Maize,Clay,6.49
634.3,35.9,232.0,2.5,6.1,Maize,Clay,4.19
310.6,34.4,195.7,4.1,7.4,Wheat,Clay,4.15
772.2,26.8,226.5,2.9,7.3,Maize,Clay,4.8
1130.8,30.5,213.3,1.2,7.6,Maize,Clay,5.04
468.9,34.4,123.2,5.0,7.2,Maize,Clay,4.02
639.9,21.0,50.4,3.2,7.4,Maize,Sandy,3.4
729.0,23.1,128.4,8.4,7.6,Maize,Clay,5.63
342.2,27.5,248.3,9.1,6.1,Cotton,Clay,5.78
954.1,34.4,204.6,4.9,6.8,Wheat,Sandy,4.79
410.4,21.9,152.8,3.9,6.8,Cotton,Sandy,3.47
1198.0,23.5,170.1,6.0,7.3,Cotton,Loamy,6.19
304.0,27.3,193.2,7.0,6.6,Soybean,Sandy,4.38
596.1,22.0,71.7,9.6,8.0,Soybean,Clay,4.85
665.7,21.4,97.5,1.9,6.6,Soybean,Loamy,4.48
638.6,28.9,175.0,2.9,7.0,Rice,Loamy,5.42
852.5,25.9,57.0,3.2,6.6,Cotton,Loamy,4.27
907.6,29.2,68.9,7.5,8.0,Soybean,Sandy,4.91
425.5,25.2,190.4,7.7,5.5,Wheat,Clay,4.97
1159.8,29.7,213.6,8.6,5.7,Maize,Clay,6.81
523.3,34.8,183.7,7.4,6.7,Maize,Sandy,4.88
799.6,26.0,249.9,7.6,6.9,Cotton,Sandy,5.84
439.8,24.1,239.0,4.2,6.4,Soybean,Loamy,5.63
353.0,22.7,175.0,2.1,7.9,Wheat,Clay,3.89
958.6,37.9,225.2,5.9,6.6,Maize,Clay,5.96
680.1,25.7,232.0,2.0,7.6,Cotton,Sandy,3.95
1199.8,32.3,146.2,4.2,7.1,Wheat,Sandy,5.65
511.7,34.4,102.1,7.2,6.7,Wheat,Clay,4.56
975.8,23.8,207.2,4.1,5.7,Maize,Loamy,5.89
995.9,28.1,183.0,1.9,6.8,Cotton,Clay,4.88
341.6,32.8,171.6,3.1,5.9,Maize,Clay,4.19
1004.0,18.8,191.6,6.8,5.7,Soybean,Sandy,5.01
458.2,30.4,186.9,6.5,7.9,Wheat,Clay,4.89
798.0,19.4,217.0,6.4,5.9,Rice,Sandy,5.85
518.3,18.9,108.6,3.7,6.2,Cotton,Loamy,3.98
382.6,28.4,75.9,4.3,5.8,Soybean,Loamy,4.53
312.7,30.8,113.4,2.6,7.5,Maize,Sandy,3.29
947.0,31.4,57.2,8.1,5.9,Cotton,Clay,5.21
341.1,18.5,168.1,6.9,7.2,Rice,Clay,5.14
730.1,34.8,212.9,9.6,5.7,Rice,Sandy,6.28
743.5,27.1,194.8,8.9,6.8,Cotton,Clay,5.49
1142.2,28.4,51.3,6.4,7.7,Maize,Clay,6.07
1187.5,22.2,146.8,3.4,5.6,Maize,Clay,5.49
502.1,32.1,166.2,9.1,6.1,Maize,Sandy,4.33
1181.6,24.3,194.7,8.4,7.1,Rice,Sandy,6.93
847.8,33.1,203.1,7.8,6.9,Cotton,Loamy,5.68
1132.6,24.9,77.8,4.8,6.9,Rice,Loamy,6.75
489.5,32.2,69.3,8.5,6.1,Rice,Clay,5.68
324.8,19.9,166.8,2.4,6.7,Rice,Sandy,3.78
534.7,23.5,221.5,4.8,6.3,Wheat,Clay,5.15
1042.2,33.8,164.5,5.7,7.6,Wheat,Loamy,5.69
963.8,31.3,173.6,1.1,6.6,Soybean,Clay,4.52
888.7,28.2,233.8,8.6,8.0,Cotton,Sandy,5.85
308.1,27.2,79.6,8.5,7.5,Wheat,Clay,4.91
954.3,22.5,135.3,3.6,6.5,Cotton,Sandy,4.09
531.1,26.0,212.2,4.0,7.6,Cotton,Sandy,3.88
508.8,22.3,248.5,5.0,6.5,Wheat,Loamy,5.23
870.8,21.9,141.9,8.9,6.6,Wheat,Loamy,6.27
531.0,23.0,83.9,5.7,7.9,Soybean,Clay,4.23
593.8,33.8,151.4,4.9,6.8,Rice,Clay,5.13
701.7,20.4,132.1,3.4,7.8,Wheat,Clay,4.09
460.8,31.0,80.5,4.5,6.6,Maize,Loamy,3.79
974.5,27.5,234.7,4.4,7.4,Soybean,Loamy,6.59
1008.0,22.4,103.9,1.4,6.9,Wheat,Sandy,4.48
888.4,37.0,103.1,8.3,6.4,Wheat,Loamy,5.72
827.3,22.9,221.7,3.4,7.8,Maize,Clay,4.71
486.0,28.8,123.1,7.5,6.0,Soybean,Clay,5.58
1123.5,22.6,221.8,8.3,6.2,Cotton,Clay,6.64
1049.9,34.9,120.6,2.4,6.4,Soybean,Clay,4.37
799.6,26.6,193.2,1.7,8.0,Cotton,Sandy,3.75
726.2,34.0,124.4,5.9,6.1,Maize,Clay,4.34
1035.5,21.5,179.8,3.7,6.4,Cotton,Loamy,5.4
852.0,30.4,76.4,5.7,6.1,Wheat,Sandy,4.34
1186.9,20.8,144.5,7.6,6.9,Wheat,Sandy,5.69
1058.2,25.4,204.0,2.6,7.4,Soybean,Sandy,4.96
489.3,25.3,151.4,3.3,6.6,Rice,Loamy,4.72
319.3,27.9,106.7,7.9,6.2,Cotton,Loamy,4.83
352.1,28.8,116.0,6.0,6.5,Cotton,Clay,4.44
782.6,35.0,118.1,2.1,5.7,Maize,Loamy,4.05
333.9,33.5,58.1,8.6,7.6,Wheat,Sandy,3.5
996.0,35.7,222.4,9.9,5.5,Maize,Sandy,6.36
343.5,36.3,247.2,1.1,7.4,Wheat,Sandy,3.48
402.6,37.0,244.3,1.9,7.7,Soybean,Loamy,4.2
848.6,37.0,83.8,5.6,7.8,Wheat,Clay,4.2
626.4,36.9,66.6,1.9,6.5,Soybean,Loamy,4.14
780.4,26.5,80.7,1.4,6.7,Rice,Loamy,5.21
834.4,18.2,101.8,9.7,6.1,Cotton,Sandy,4.71
665.0,19.1,231.7,6.8,6.6,Maize,Sandy,4.73
964.6,25.3,192.8,3.8,7.6,Cotton,Clay,4.99
770.7,33.0,144.4,7.1,7.0,Rice,Loamy,6.54
583.2,31.6,136.6,5.2,7.4,Maize,Sandy,4.08
464.9,36.6,90.2,3.9,6.4,Maize,Loamy,3.73
1162.2,19.3,154.4,8.3,7.1,Cotton,Sandy,4.99
312.2,20.5,219.9,9.1,6.7,Rice,Clay,5.71
828.7,24.3,203.6,6.2,7.3,Rice,Sandy,5.87
1104.9,32.8,232.4,4.3,5.9,Wheat,Loamy,6.21
727.5,26.6,81.7,6.2,6.4,Cotton,Sandy,3.79
599.0,33.7,154.4,5.3,7.9,Soybean,Clay,4.81
726.3,36.2,211.8,8.7,7.3,Cotton,Sandy,4.36
517.4,21.3,229.8,2.2,7.4,Maize,Clay,4.68
842.9,26.7,114.9,8.8,7.0,Cotton,Loamy,6.05
635.0,25.7,151.0,9.9,6.8,Soybean,Clay,5.94
1009.1,30.0,211.0,1.8,7.1,Soybean,Loamy,5.34
1177.8,23.4,248.8,7.4,7.1,Wheat,Sandy,6.32
847.2,31.8,191.2,6.1,7.4,Soybean,Clay,6.16
1071.3,31.7,110.6,7.1,7.2,Wheat,Loamy,6.6
698.3,32.1,154.6,7.2,7.4,Maize,Loamy,5.18
656.0,29.0,96.6,1.2,6.7,Wheat,Clay,4.36
559.3,24.8,201.7,3.8,6.6,Cotton,Sandy,3.57
843.0,27.2,132.0,7.3,7.5,Cotton,Sandy,4.8
610.9,24.3,137.8,7.0,7.1,Wheat,Sandy,4.26
1113.9,31.1,174.9,7.9,5.9,Cotton,Clay,5.85
567.1,28.9,217.8,4.2,5.8,Cotton,Sandy,4.54
770.3,29.5,98.8,6.8,6.4,Wheat,Sandy,4.85
1038.6,36.5,183.9,3.1,6.8,Rice,Loamy,5.5
557.4,32.0,166.1,1.4,7.7,Cotton,Sandy,2.89
1080.5,36.4,188.9,5.2,7.2,Wheat,Sandy,4.91
661.2,35.1,105.6,4.3,7.7,Wheat,Sandy,4.07
403.8,22.5,168.6,9.2,7.5,Soybean,Sandy,4.76
801.9,34.1,52.4,5.8,6.0,Maize,Sandy,3.71
823.5,18.7,168.1,9.5,7.1,Rice,Sandy,5.47
316.1,37.0,239.4,2.4,6.7,Wheat,Sandy,2.88
796.1,35.8,249.1,7.6,6.8,Rice,Sandy,6.25
513.2,27.3,112.3,2.6,6.8,Maize,Sandy,3.4
997.9,30.9,106.1,3.8,7.9,Cotton,Clay,5.1
599.8,30.9,77.9,4.2,7.7,Cotton,Clay,3.74
1181.4,35.2,199.5,2.5,7.7,Rice,Sandy,5.22
502.7,28.3,124.1,7.0,7.9,Maize,Sandy,4.2
836.1,32.4,145.6,7.2,7.5,Wheat,Loamy,6.24
541.6,28.6,129.4,4.9,7.1,Maize,Clay,4.87
611.0,30.0,201.9,1.4,7.4,Cotton,Clay,3.87
330.3,31.3,183.1,2.3,6.5,Maize,Clay,3.28
332.9,23.5,164.1,3.6,7.3,Maize,Loamy,4.32
655.2,22.5,110.4,8.4,7.1,Cotton,Sandy,4.82
921.8,22.6,194.1,9.6,7.5,Soybean,Loamy,6.45
487.6,33.1,116.9,7.6,7.0,Rice,Loamy,5.95
1077.1,26.3,228.5,1.6,7.9,Maize,Clay,5.75
638.5,36.4,163.9,4.6,6.1,Wheat,Clay,4.62
520.1,25.7,183.1,1.7,7.9,Wheat,Clay,4.19
312.1,31.3,143.3,3.4,6.7,Wheat,Sandy,3.47
528.6,26.6,217.8,4.6,5.5,Rice,Clay,5.59
599.3,23.3,62.5,5.3,6.5,Cotton,Clay,3.68
889.4,20.7,88.0,7.0,6.2,Maize,Loamy,5.3
938.6,32.7,167.2,4.8,5.8,Soybean,Sandy,4.94
1169.7,28.7,189.5,9.3,5.6,Soybean,Loamy,7.37
472.4,24.9,155.6,7.3,5.5,Maize,Loamy,5.54
990.1,24.8,77.3,8.8,6.1,Cotton,Loamy,6.44
509.0,37.6,153.4,3.7,6.7,Soybean,Sandy,3.12
566.0,18.4,110.1,8.7,7.2,Soybean,Clay,4.63
1084.1,29.1,232.1,5.1,6.6,Maize,Sandy,5.6
893.8,30.3,166.3,3.9,6.9,Maize,Sandy,4.76
306.8,19.0,184.1,6.6,5.8,Maize,Loamy,4.28
691.4,18.7,180.5,5.5,7.1,Soybean,Clay,5.31
805.2,22.5,71.5,1.8,7.9,Rice,Sandy,3.85
1111.5,18.2,54.4,5.6,6.5,Cotton,Clay,4.25
1195.7,20.3,179.9,2.8,6.4,Maize,Clay,5.45
869.8,20.0,87.3,3.8,7.6,Wheat,Sandy,3.58
486.9,21.0,93.0,7.9,5.9,Soybean,Clay,4.46
1162.2,21.9,136.3,6.2,6.0,Rice,Sandy,6.2
711.1,29.0,178.7,6.2,7.7,Rice,Sandy,5.5
665.2,22.5,157.9,9.6,7.5,Maize,Loamy,6.5
389.0,23.3,227.1,1.7,7.8,Cotton,Clay,3.5
938.4,28.2,59.3,9.5,7.0,Wheat,Clay,5.91
451.8,19.6,127.5,7.3,6.2,Maize,Clay,4.07
649.7,27.3,98.5,8.2,6.6,Soybean,Loamy,5.87
496.9,36.2,177.5,8.6,6.0,Maize,Loamy,5.53
608.3,27.2,75.2,2.7,7.4,Soybean,Loamy,4.43
375.7,33.0,179.5,8.8,6.1,Soybean,Sandy,4.4
619.2,21.2,116.3,8.1,7.1,Maize,Sandy,4.31
703.8,26.2,249.1,1.7,6.4,Wheat,Loamy,5.81
682.2,32.2,175.8,9.7,6.2,Soybean,Clay,5.67
954.6,35.1,153.0,2.5,7.1,Soybean,Sandy,4.43
397.0,24.6,138.9,2.4,6.5,Soybean,Clay,3.68
1017.9,32.8,200.2,7.0,7.6,Wheat,Loamy,6.12
324.5,27.7,58.0,3.1,6.1,Rice,Loamy,4.32
557.1,32.0,177.3,4.9,7.5,Maize,Loamy,4.84
696.1,19.7,95.4,3.7,7.0,Soybean,Sandy,4.08
749.6,35.9,87.2,1.4,6.7,Maize,Loamy,3.76
1095.2,18.8,84.2,3.2,7.1,Wheat,Loamy,5.12
574.6,32.3,76.4,6.0,7.1,Soybean,Clay,5.01
1145.5,37.2,218.9,6.7,7.0,Rice,Loamy,7.14
571.2,32.4,86.7,2.4,5.6,Soybean,Clay,3.97
705.4,32.0,142.9,10.0,5.6,Rice,Sandy,5.97
731.3,35.7,193.5,8.2,6.0,Wheat,Clay,5.79
897.9,29.3,172.5,4.9,5.9,Soybean,Loamy,6.08
1008.6,22.2,221.0,7.3,7.2,Rice,Clay,7.36
714.1,34.5,89.7,4.3,6.1,Rice,Sandy,4.26
456.0,25.2,64.2,3.2,6.7,Soybean,Clay,3.9
860.3,27.8,210.5,8.5,7.1,Soybean,Clay,6.62
442.4,21.4,144.5,4.5,7.7,Soybean,Sandy,3.8
809.8,20.0,53.5,8.6,6.0,Maize,Loamy,5.18
735.4,21.4,226.4,5.2,5.5,Rice,Clay,6.34
822.8,25.2,144.5,4.2,6.4,Wheat,Sandy,4.67
937.8,31.2,123.7,7.4,6.8,Wheat,Sandy,4.99
709.5,20.1,126.2,4.9,5.8,Cotton,Loamy,4.45
302.1,18.3,229.3,3.9,6.2,Soybean,Clay,4.31
1169.1,30.0,91.3,8.5,6.6,Cotton,Clay,5.51
528.4,32.1,216.6,6.5,5.6,Cotton,Clay,4.82
1093.5,21.4,144.1,2.0,8.0,Soybean,Clay,5.26
405.8,29.0,140.4,2.8,7.1,Soybean,Clay,4.32
798.5,24.3,108.6,7.4,6.4,Wheat,Clay,5.39
1067.7,18.1,79.8,7.7,6.6,Cotton,Clay,5.2
515.5,18.2,179.5,8.0,7.6,Soybean,Clay,4.69
427.7,25.0,202.7,3.7,7.4,Cotton,Sandy,3.97
975.9,36.4,181.9,9.7,7.8,Soybean,Sandy,6.31
1143.4,20.5,97.8,6.5,7.9,Maize,Clay,5.27
857.4,36.4,68.7,9.8,5.7,Soybean,Loamy,5.79
334.1,33.1,160.2,9.9,7.7,Soybean,Sandy,4.47
883.0,34.5,120.4,10.0,7.1,Soybean,Clay,6.24
590.1,20.9,112.7,6.2,6.7,Cotton,Loamy,5.03
442.4,28.7,105.0,2.8,6.1,Cotton,Loamy,4.02
970.3,22.1,173.3,5.1,7.2,Maize,Sandy,4.92
885.8,25.8,98.5,7.5,7.2,Wheat,Clay,5.8
894.9,27.7,209.4,2.6,6.8,Cotton,Sandy,4.65
766.3,30.0,82.0,1.7,7.5,Wheat,Sandy,3.86
1137.6,29.9,140.5,2.5,5.9,Rice,Loamy,5.72
1179.1,23.2,226.5,6.4,6.7,Soybean,Loamy,6.77
474.6,24.5,248.3,5.5,6.4,Rice,Sandy,5.04
546.5,32.1,95.9,2.3,5.8,Rice,Loamy,4.76
765.9,22.4,153.0,7.4,6.2,Wheat,Loamy,5.91
722.0,32.9,111.9,9.6,5.8,Rice,Sandy,5.34
548.4,20.1,78.5,6.3,6.0,Soybean,Sandy,4.47
522.1,18.2,137.9,4.2,6.9,Maize,Clay,4.4
775.0,29.0,224.4,3.6,6.8,Soybean,Sandy,4.91
442.8,19.5,246.9,3.4,6.7,Wheat,Clay,4.13
626.9,35.2,74.1,6.5,6.3,Maize,Sandy,4.06
947.5,35.2,113.7,8.0,6.8,Soybean,Loamy,6.18
1183.7,31.9,153.7,8.1,7.2,Soybean,Clay,7.04
636.6,22.2,79.7,5.1,6.5,Cotton,Clay,4.03
837.8,33.8,99.2,6.8,6.6,Wheat,Loamy,5.19
993.0,37.8,114.2,3.3,5.7,Soybean,Loamy,4.8
575.0,22.3,230.9,8.9,6.6,Soybean,Loamy,6.28
714.5,32.1,141.1,3.0,5.8,Cotton,Sandy,3.59
716.7,21.2,104.7,6.4,6.3,Maize,Clay,4.4
391.2,21.8,142.1,7.5,7.1,Maize,Sandy,3.98
466.6,30.2,55.5,4.8,7.5,Cotton,Loamy,3.86
823.4,24.7,236.1,3.9,6.7,Cotton,Loamy,5.48
938.1,34.1,203.2,5.9,7.6,Cotton,Clay,5.64
633.7,25.8,151.1,4.6,5.6,Maize,Clay,4.54
525.8,21.4,219.5,4.0,5.9,Wheat,Clay,4.78
912.2,20.7,85.3,5.8,7.4,Soybean,Sandy,4.52
1016.7,36.8,224.8,4.1,6.7,Wheat,Clay,5.08
638.9,26.3,222.9,2.4,7.8,Wheat,Sandy,4.11
806.9,37.5,209.2,1.5,6.5,Wheat,Loamy,4.6
1006.6,21.7,189.3,4.1,7.1,Soybean,Loamy,5.84
850.5,18.3,88.9,1.5,6.2,Wheat,Sandy,3.17
871.8,32.9,180.4,2.2,7.6,Rice,Clay,5.13
808.6,21.5,198.6,5.8,7.9,Cotton,Loamy,5.02
318.5,18.7,235.8,3.6,5.9,Cotton,Sandy,3.37
771.5,32.8,88.0,2.1,7.4,Rice,Clay,4.44
903.6,28.6,135.4,6.0,6.7,Rice,Sandy,5.43
1028.0,22.9,72.1,6.3,6.8,Wheat,Loamy,5.47
869.6,32.5,192.5,4.5,6.4,Maize,Loamy,5.71
916.2,30.8,58.8,3.6,6.9,Rice,Sandy,4.35
465.8,24.8,189.3,7.1,7.4,Cotton,Loamy,5.37
783.9,26.5,151.9,4.7,7.9,Soybean,Sandy,5.02
1058.3,28.0,61.9,2.6,7.5,Cotton,Clay,4.44
582.4,32.3,75.3,4.9,8.0,Rice,Sandy,4.22
843.8,19.5,83.7,3.4,6.3,Wheat,Clay,4.36
647.4,31.3,103.1,3.2,5.6,Wheat,Loamy,4.68
691.7,21.6,139.4,5.7,7.8,Maize,Loamy,5.65
533.2,20.1,87.2,3.3,7.7,Soybean,Sandy,3.37
1047.2,22.5,112.8,1.1,5.5,Rice,Sandy,4.6
1059.8,23.4,138.3,8.3,6.0,Maize,Loamy,6.75
522.7,36.5,84.2,7.7,6.3,Soybean,Sandy,3.93
787.5,21.5,77.9,5.2,7.0,Wheat,Clay,4.54
727.0,22.0,174.4,5.3,6.1,Wheat,Clay,5.64
1187.1,27.9,69.4,9.1,6.5,Soybean,Clay,6.91
817.9,31.8,219.3,9.2,7.6,Soybean,Loamy,6.33
679.8,35.7,220.3,4.7,6.7,Wheat,Loamy,5.61
945.0,34.2,209.7,7.2,5.8,Wheat,Sandy,5.46
748.4,37.0,183.1,5.4,6.9,Soybean,Loamy,5.06
745.9,24.4,192.1,6.7,5.5,Rice,Clay,6.03
600.1,28.2,93.6,3.1,5.7,Maize,Loamy,4.67
1042.9,29.7,245.1,8.0,6.0,Rice,Clay,7.63
322.8,18.5,235.2,7.7,6.6,Rice,Clay,5.0
521.8,26.7,139.6,7.4,6.1,Wheat,Loamy,5.89
988.7,23.0,229.7,8.5,7.6,Cotton,Clay,6.29
934.4,26.8,221.1,1.5,5.9,Wheat,Sandy,4.58
1095.2,21.5,98.9,7.9,5.8,Cotton,Clay,5.42
698.7,24.0,237.1,4.3,6.1,Wheat,Sandy,5.05
700.7,28.3,163.0,3.6,6.1,Cotton,Loamy,4.6
378.7,27.6,243.3,6.7,7.8,Wheat,Sandy,4.65
575.3,27.5,82.6,7.0,6.1,Maize,Loamy,5.32
526.2,30.4,141.1,6.7,6.4,Soybean,Loamy,5.82
416.2,37.4,97.5,8.5,6.4,Rice,Sandy,4.36
972.6,23.2,215.4,7.1,6.6,Rice,Loamy,6.71
1157.0,26.9,169.8,7.7,7.9,Wheat,Loamy,6.85
539.2,29.9,50.3,9.0,5.8,Maize,Loamy,5.64
962.1,37.4,206.7,3.3,6.8,Wheat,Sandy,4.09
1077.5,34.6,230.1,8.1,7.4,Cotton,Loamy,6.5
415.4,26.4,127.5,1.8,6.2,Soybean,Clay,3.91
1172.4,26.2,205.1,9.0,7.4,Maize,Loamy,7.82
774.7,26.8,233.0,7.3,7.7,Cotton,Sandy,5.35
1124.3,18.5,66.0,9.4,6.5,Rice,Clay,6.64
434.8,30.3,168.1,3.5,7.5,Rice,Clay,4.75
863.3,18.2,215.5,4.2,7.8,Rice,Sandy,5.42
523.4,37.8,68.9,4.3,5.7,Maize,Loamy,3.46
879.9,20.7,96.6,1.5,7.4,Rice,Sandy,4.03
589.3,19.4,77.2,3.2,7.5,Rice,Clay,4.53
889.8,30.1,163.5,2.5,5.9,Cotton,Clay,4.16
1066.1,30.8,127.6,1.2,7.9,Maize,Clay,5.13
906.9,30.0,56.0,6.0,6.6,Wheat,Sandy,4.25
809.9,26.3,110.6,3.7,5.7,Cotton,Clay,4.11
355.4,27.7,77.6,4.7,7.2,Cotton,Sandy,3.35
556.1,29.5,207.0,3.1,7.5,Cotton,Loamy,4.8
688.5,18.0,206.5,7.7,6.4,Wheat,Sandy,5.43
498.4,31.7,206.7,9.0,6.0,Soybean,Loamy,6.38
504.0,24.9,80.0,8.3,7.2,Maize,Loamy,5.07
897.8,19.1,245.5,7.0,7.5,Wheat,Clay,6.42
1019.4,30.9,244.7,5.9,6.5,Rice,Clay,6.84
744.4,22.6,148.0,5.0,6.7,Maize,Loamy,5.33
935.8,18.2,105.8,7.9,5.5,Rice,Sandy,5.91
959.6,37.0,61.2,4.7,5.9,Soybean,Loamy,4.93
357.8,24.9,137.0,7.6,7.8,Wheat,Sandy,4.03
1153.2,33.6,87.3,2.2,6.3,Wheat,Clay,5.19
802.5,19.7,54.8,8.5,5.6,Cotton,Clay,4.6
1103.2,34.6,130.9,6.8,6.6,Cotton,Loamy,5.63
568.3,20.6,96.2,7.5,7.9,Rice,Clay,4.99
984.9,29.4,233.3,1.7,7.8,Maize,Sandy,5.09
858.8,25.3,61.1,6.8,5.8,Wheat,Loamy,5.23
300.4,19.1,112.4,4.3,6.4,Wheat,Clay,3.28
946.8,22.2,59.8,4.3,5.5,Maize,Clay,4.71
611.3,25.3,192.3,8.1,6.9,Maize,Sandy,5.22
941.4,36.2,99.4,2.6,7.6,Soybean,Sandy,3.58
920.0,27.8,90.8,2.9,5.9,Soybean,Loamy,5.64
534.6,32.9,153.1,1.9,7.8,Rice,Clay,3.97
358.9,19.8,191.2,3.5,7.8,Wheat,Clay,3.73
648.7,24.2,140.0,4.6,7.7,Cotton,Loamy,4.61
945.5,29.9,105.1,4.8,7.2,Soybean,Loamy,5.92
867.3,18.5,58.6,7.6,7.7,Maize,Loamy,5.06
376.4,31.1,183.0,5.0,5.5,Cotton,Sandy,3.41
1145.5,31.5,76.6,7.6,7.2,Wheat,Clay,5.63
994.5,36.7,51.9,1.6,6.8,Rice,Sandy,4.19
1087.4,33.0,144.1,9.9,6.4,Maize,Loamy,6.53
519.7,18.2,85.8,7.2,7.6,Wheat,Sandy,4.21
761.5,33.3,240.1,4.7,7.9,Soybean,Clay,5.87
350.7,27.0,162.6,5.7,7.5,Maize,Clay,4.86
885.1,29.3,107.4,2.1,6.7,Cotton,Sandy,4.23
988.4,32.7,88.0,7.2,7.6,Rice,Clay,5.61
434.2,24.7,136.5,5.1,5.8,Cotton,Sandy,4.07
842.7,23.4,111.3,8.2,5.5,Wheat,Sandy,5.66
858.6,35.1,106.0,9.5,6.2,Wheat,Loamy,6.05
405.4,31.3,243.9,7.0,6.9,Rice,Loamy,6.39
436.5,22.8,195.9,6.9,7.9,Rice,Loamy,5.45
958.4,28.6,137.8,1.9,6.4,Rice,Loamy,5.79
424.4,20.5,83.9,8.6,5.9,Cotton,Loamy,4.22
540.9,31.9,222.6,2.2,6.1,Maize,Clay,4.07
714.5,21.2,109.5,8.0,6.5,Cotton,Clay,4.55
583.4,23.7,180.4,9.7,7.6,Rice,Clay,6.02
922.8,35.2,91.2,3.7,6.6,Maize,Sandy,3.92
550.4,22.3,53.6,4.4,6.7,Wheat,Clay,4.19
807.9,19.3,152.8,2.9,6.8,Cotton,Clay,3.72
394.2,22.3,144.9,4.7,5.7,Cotton,Clay,3.42
643.2,20.9,58.1,7.4,5.9,Soybean,Loamy,5.11
392.9,29.9,70.0,9.8,7.2,Cotton,Clay,5.05
926.6,20.6,215.5,6.0,6.2,Soybean,Sandy,4.98
571.1,23.1,132.1,1.5,6.0,Maize,Sandy,3.53
504.7,26.7,143.2,8.8,7.4,Rice,Clay,6.12
639.0,23.9,220.2,9.5,7.2,Soybean,Loamy,6.51
1102.4,22.7,222.6,1.8,6.1,Cotton,Sandy,4.62
1195.0,33.8,131.3,4.5,6.6,Cotton,Sandy,4.55
1094.5,32.2,94.2,4.9,7.9,Rice,Clay,6.26
877.3,34.9,190.2,3.3,5.5,Rice,Clay,5.93
736.9,21.0,144.8,8.8,6.5,Maize,Loamy,6.08
821.1,26.4,244.4,9.6,7.9,Soybean,Sandy,6.12
1043.6,26.6,235.4,3.2,7.2,Rice,Clay,6.35
1145.3,20.4,91.2,2.0,5.8,Rice,Sandy,5.22
555.2,36.5,119.3,1.3,7.6,Soybean,Clay,3.82
921.1,37.8,176.8,5.2,7.5,Maize,Clay,4.66
1115.0,29.8,168.9,5.5,7.4,Wheat,Sandy,5.66
1060.9,20.9,154.6,8.7,6.9,Soybean,Clay,6.27
943.3,31.7,84.5,8.2,5.5,Rice,Loamy,6.6
1089.1,28.8,139.8,6.7,7.3,Cotton,Sandy,5.4
896.5,37.3,57.3,6.5,6.4,Wheat,Clay,4.44
300.2,37.9,196.5,7.1,6.5,Cotton,Sandy,3.38
1154.9,25.2,146.3,2.2,7.0,Cotton,Clay,5.45
849.4,21.8,99.3,7.6,5.7,Maize,Clay,5.03
826.4,18.3,226.7,4.4,6.2,Cotton,Clay,5.04
782.9,21.9,102.1,9.1,7.4,Soybean,Loamy,5.61
559.2,33.4,196.4,3.0,7.1,Cotton,Clay,3.55
970.0,37.0,191.2,9.8,7.4,Soybean,Clay,6.69
803.6,31.2,60.6,8.3,7.9,Maize,Loamy,5.76
405.8,21.9,80.6,1.8,5.8,Soybean,Loamy,3.89
1153.1,31.1,63.7,4.3,6.0,Rice,Sandy,5.14
619.6,27.9,143.6,7.5,8.0,Wheat,Loamy,5.95
1003.7,31.1,239.1,3.5,5.7,Rice,Clay,6.67
817.5,27.9,105.8,2.0,7.8,Cotton,Loamy,4.24
933.1,34.2,194.8,8.2,6.7,Maize,Sandy,5.71
379.9,19.6,213.1,3.1,7.8,Wheat,Sandy,3.55
416.6,31.7,101.2,9.0,7.9,Rice,Sandy,5.15
980.6,29.6,215.9,2.5,7.4,Cotton,Sandy,4.42
980.7,30.7,189.6,4.7,5.6,Soybean,Sandy,5.22
444.7,20.1,74.3,9.6,6.4,Rice,Clay,4.86
1170.0,25.8,70.5,1.6,8.0,Wheat,Sandy,4.44
1069.3,21.2,65.5,9.2,7.4,Rice,Sandy,6.27
447.2,19.6,142.3,1.5,8.0,Soybean,Clay,3.54
449.7,24.4,171.0,1.8,6.8,Cotton,Sandy,3.24
1130.9,37.5,67.3,8.0,6.1,Rice,Loamy,6.78
703.8,26.7,249.5,4.4,6.8,Soybean,Clay,6.15
550.6,18.7,141.5,5.0,6.2,Maize,Sandy,3.91
380.1,22.4,93.4,1.6,7.1,Rice,Clay,4.08
536.3,22.3,123.7,8.6,6.6,Cotton,Loamy,5.44
1178.1,25.9,118.0,6.5,7.3,Maize,Sandy,5.54
987.4,20.6,144.2,7.1,6.0,Rice,Clay,6.59
952.1,30.1,124.3,4.2,6.1,Rice,Sandy,5.47
407.9,34.0,142.2,7.7,6.6,Cotton,Clay,4.8
411.5,30.4,197.2,4.2,7.0,Cotton,Sandy,3.72
1049.6,23.8,63.7,2.3,7.5,Maize,Loamy,4.89
1150.4,31.4,189.8,8.7,6.3,Maize,Clay,6.22
1010.8,33.6,177.4,4.2,5.8,Soybean,Clay,5.38
1046.3,18.6,170.3,6.2,7.6,Rice,Sandy,6.18
651.7,23.1,193.8,3.3,7.0,Wheat,Loamy,4.69
880.9,28.0,55.0,7.7,7.7,Cotton,Clay,5.05
1012.1,35.8,211.3,8.2,7.8,Soybean,Loamy,6.25
392.7,21.7,54.6,5.2,5.9,Cotton,Loamy,3.43
838.0,25.1,170.1,7.9,7.7,Cotton,Clay,5.76
1061.2,21.3,108.1,9.6,6.2,Soybean,Clay,5.96
673.3,31.0,222.9,4.5,7.9,Rice,Sandy,5.36
1128.6,33.2,108.9,9.6,7.0,Maize,Clay,5.88
1047.6,32.6,169.1,2.2,7.5,Rice,Loamy,6.12
408.1,24.1,171.9,3.2,6.8,Cotton,Loamy,3.86
450.5,34.7,238.8,9.9,7.5,Soybean,Clay,6.05
455.7,25.9,133.2,4.0,6.9,Rice,Clay,5.36
1145.0,21.9,81.4,5.3,6.3,Wheat,Clay,5.8
1076.0,25.0,80.7,3.5,7.2,Rice,Sandy,5.4
933.9,23.6,106.0,7.2,7.2,Rice,Clay,6.05
517.9,30.3,226.7,5.3,6.6,Maize,Sandy,4.28
913.2,24.2,139.3,2.4,6.6,Cotton,Loamy,4.65
959.3,37.8,185.5,9.1,7.4,Cotton,Loamy,6.01
1195.1,31.4,212.9,5.7,6.4,Rice,Loamy,6.81
926.1,27.3,94.2,6.9,6.7,Wheat,Sandy,5.46
660.6,28.8,209.4,3.5,7.5,Maize,Clay,4.45
911.7,36.3,157.2,7.0,7.4,Cotton,Sandy,4.87
629.7,26.6,174.2,2.9,5.9,Wheat,Loamy,4.84
531.8,26.0,128.1,1.7,8.0,Cotton,Loamy,3.84
636.5,22.5,137.8,2.2,7.2,Maize,Clay,4.52
842.4,27.9,101.7,5.5,5.7,Rice,Loamy,5.74
923.8,36.7,216.9,4.4,7.0,Soybean,Clay,5.77
817.7,37.9,100.8,6.8,7.5,Cotton,Sandy,3.79
497.1,31.8,137.1,8.5,5.6,Wheat,Sandy,4.23
741.2,35.1,56.4,6.0,5.7,Rice,Sandy,4.29
692.2,34.0,75.1,7.2,6.4,Maize,Clay,4.48
822.4,30.1,215.5,6.8,5.7,Cotton,Sandy,5.3
555.7,36.6,146.1,7.7,6.9,Wheat,Sandy,3.99
318.9,22.0,119.1,8.0,6.8,Rice,Loamy,4.97
643.9,23.8,157.0,5.0,6.4,Maize,Loamy,4.75
902.0,20.8,156.8,3.3,5.8,Rice,Clay,5.03
777.1,32.4,129.7,2.6,6.9,Soybean,Loamy,4.41
990.0,30.5,188.7,9.1,6.0,Wheat,Sandy,5.63
478.2,26.4,209.6,8.8,7.4,Cotton,Clay,5.39
302.1,35.7,245.6,2.3,6.7,Cotton,Loamy,3.62
552.0,22.4,162.2,7.0,6.7,Cotton,Sandy,4.55
1019.8,25.1,195.5,7.1,7.4,Soybean,Sandy,5.68
876.3,25.8,110.3,7.5,6.8,Soybean,Sandy,5.3
1121.7,21.5,185.0,4.0,7.4,Cotton,Loamy,5.93
931.5,36.1,126.4,4.1,7.9,Wheat,Sandy,3.96
396.7,24.1,91.1,8.6,5.8,Soybean,Sandy,4.61
756.9,21.5,87.9,4.3,5.8,Rice,Sandy,4.63
458.3,35.6,142.3,7.5,7.4,Maize,Clay,4.38
1003.4,32.1,194.6,3.4,7.8,Maize,Loamy,5.92
1022.6,27.1,86.4,8.1,7.0,Cotton,Clay,6.04
989.7,19.2,98.6,2.7,7.8,Maize,Clay,4.08
968.2,33.2,229.0,8.4,6.1,Maize,Loamy,6.77
913.4,33.7,137.0,3.7,8.0,Rice,Loamy,5.9
509.9,34.0,174.6,6.8,5.7,Soybean,Loamy,5.01
846.6,33.7,126.3,5.1,5.6,Cotton,Loamy,5.02
1007.7,18.1,173.2,8.4,6.1,Soybean,Clay,6.01
955.4,21.7,236.7,4.1,6.8,Cotton,Clay,4.93
884.6,36.4,121.7,9.7,7.4,Cotton,Clay,5.11
1143.4,37.6,177.2,6.4,6.5,Cotton,Clay,5.15
596.0,18.7,67.1,4.2,6.7,Maize,Sandy,3.4
574.3,33.7,225.8,1.3,6.9,Soybean,Loamy,4.16
318.3,25.0,116.3,3.1,7.2,Rice,Clay,4.67
599.4,31.0,157.5,2.2,7.3,Wheat,Clay,4.47
814.8,29.3,172.7,8.8,6.9,Cotton,Sandy,5.61
1031.0,20.5,176.6,1.4,6.0,Soybean,Loamy,4.83
381.3,34.2,198.8,1.1,6.4,Soybean,Sandy,3.05
892.5,35.6,52.2,4.4,7.3,Cotton,Sandy,3.16
714.0,27.5,131.5,2.2,7.6,Soybean,Sandy,4.21
894.6,35.0,95.3,1.4,6.6,Wheat,Clay,4.35
521.6,28.3,122.3,1.4,6.4,Cotton,Loamy,3.77
313.5,32.8,249.6,7.3,5.5,Cotton,Sandy,3.97
797.5,32.5,95.7,7.1,6.6,Wheat,Sandy,4.26
1190.5,26.0,102.6,9.0,7.2,Maize,Clay,6.78
886.0,32.6,83.5,7.3,6.2,Wheat,Clay,4.94
1176.9,22.0,70.8,1.6,6.3,Maize,Sandy,4.15
873.7,22.9,164.9,7.3,5.6,Soybean,Loamy,6.45
690.5,25.6,97.3,6.2,5.6,Soybean,Sandy,4.39
1185.7,36.0,147.2,9.3,7.0,Maize,Loamy,6.39
806.8,32.7,133.1,9.5,7.2,Rice,Sandy,5.42
717.6,29.7,113.0,9.4,6.2,Rice,Clay,6.39
643.9,37.1,101.8,7.5,7.5,Wheat,Sandy,3.86
980.5,26.6,98.6,4.4,7.4,Cotton,Loamy,5.52
727.3,27.1,232.1,5.8,8.0,Maize,Clay,6.11
601.3,20.3,227.7,8.7,6.5,Soybean,Sandy,5.13
312.9,22.1,240.0,3.5,7.1,Wheat,Loamy,5.09
695.8,19.6,76.9,1.3,6.6,Maize,Sandy,2.82
1054.8,29.3,172.2,3.0,7.2,Soybean,Sandy,5.23
514.9,31.3,219.1,3.9,5.8,Rice,Sandy,4.72
892.3,36.2,219.1,7.1,7.3,Wheat,Loamy,5.73
870.5,19.1,206.1,9.7,6.8,Maize,Loamy,6.2
515.7,37.2,240.9,5.8,5.7,Soybean,Sandy,3.94
1117.3,19.6,95.7,9.9,7.1,Maize,Clay,5.99
1082.0,25.5,86.1,1.7,6.5,Wheat,Loamy,4.93
719.1,27.8,105.1,9.2,7.3,Soybean,Sandy,5.88
376.0,26.0,177.6,7.8,6.1,Cotton,Sandy,4.83
521.6,19.9,197.7,4.8,6.9,Wheat,Loamy,5.16
872.6,27.7,191.0,7.7,6.5,Rice,Sandy,6.78
918.1,36.7,72.6,8.0,6.3,Rice,Clay,5.82
749.7,29.7,176.7,3.2,7.0,Maize,Clay,5.26
480.5,33.4,193.8,9.1,5.6,Soybean,Sandy,4.91
501.6,35.0,166.4,9.8,6.4,Soybean,Loamy,5.79
1154.1,25.5,199.0,5.7,5.9,Soybean,Clay,6.17
626.5,33.0,140.4,1.8,6.5,Wheat,Loamy,4.45
1065.4,28.6,133.3,3.7,7.0,Wheat,Sandy,4.82
410.1,37.9,140.4,3.3,6.2,Rice,Loamy,3.86
881.6,22.1,215.2,4.9,6.7,Wheat,Loamy,5.93
854.9,25.3,128.1,8.1,6.7,Maize,Sandy,5.15
1007.4,24.1,222.8,4.6,6.1,Rice,Clay,6.86
948.2,24.7,111.6,1.4,7.9,Soybean,Sandy,4.49
318.3,37.3,244.7,9.8,6.3,Rice,Sandy,5.06
1128.9,21.5,110.8,4.1,5.5,Cotton,Loamy,5.74
877.1,22.7,51.7,6.5,7.9,Cotton,Sandy,4.07
381.6,36.5,222.5,1.9,7.0,Wheat,Loamy,4.13
552.8,36.4,125.4,8.8,5.9,Rice,Sandy,4.76
703.2,36.0,171.1,4.8,6.4,Soybean,Clay,5.14
882.3,32.4,104.9,8.8,7.1,Cotton,Sandy,4.46
310.2,37.3,151.5,3.8,6.0,Maize,Clay,3.18
989.3,36.6,218.5,4.6,6.6,Wheat,Sandy,4.89
810.6,30.7,155.3,3.0,5.6,Rice,Loamy,5.45
821.1,31.6,210.1,5.1,5.7,Rice,Sandy,5.91
543.1,29.0,233.4,7.0,6.7,Wheat,Sandy,4.74
485.3,37.2,218.6,4.0,7.7,Wheat,Clay,3.88
615.1,28.1,232.1,5.3,7.8,Maize,Clay,5.38
649.8,19.7,104.6,9.6,6.9,Cotton,Sandy,3.97
1055.9,30.9,206.1,5.5,5.9,Wheat,Clay,5.89
1112.5,24.0,133.3,1.2,7.6,Wheat,Loamy,5.13
707.6,18.9,217.0,7.5,7.3,Soybean,Clay,5.33
338.0,19.0,165.2,7.3,7.4,Rice,Sandy,4.2
787.1,26.0,167.3,8.3,6.0,Soybean,Clay,6.46
1195.6,35.4,158.2,2.0,7.8,Rice,Loamy,5.86
750.7,24.4,94.2,6.0,6.8,Soybean,Sandy,5.11
441.9,20.4,129.7,1.1,7.3,Maize,Sandy,2.53
946.6,28.0,234.7,6.8,6.8,Wheat,Sandy,5.56
835.8,20.0,83.2,9.9,6.5,Wheat,Loamy,6.24
652.7,21.4,204.8,1.9,6.3,Rice,Sandy,4.84
327.6,22.4,59.5,3.3,6.8,Wheat,Clay,3.35
799.6,19.7,241.3,2.5,7.6,Wheat,Sandy,4.23
424.7,23.2,106.7,7.5,7.9,Cotton,Clay,4.51
579.5,24.8,180.6,6.6,7.0,Rice,Clay,6.1
860.8,22.7,212.3,4.0,6.6,Cotton,Sandy,4.43
1059.7,19.8,151.2,5.0,5.5,Wheat,Sandy,4.68
996.6,34.6,143.7,9.6,6.2,Wheat,Clay,6.27
469.2,36.8,109.5,8.5,6.0,Soybean,Loamy,5.24
405.6,35.5,209.3,4.3,7.8,Rice,Sandy,3.95
919.6,20.5,76.7,5.8,6.8,Soybean,Loamy,5.5
1160.6,28.5,52.0,8.9,5.7,Soybean,Sandy,5.61
1161.0,30.5,165.9,9.9,7.9,Soybean,Clay,7.2
1040.2,37.3,62.9,1.0,7.5,Wheat,Loamy,4.31
1033.3,36.3,74.1,5.4,7.8,Rice,Loamy,6.27
747.1,18.7,133.7,5.0,7.4,Maize,Clay,4.64
554.6,25.5,138.3,7.6,7.0,Cotton,Sandy,4.23
959.3,25.8,238.2,1.3,6.6,Maize,Sandy,4.72
705.0,26.5,118.9,9.5,6.8,Maize,Clay,5.74
732.3,31.1,132.5,6.9,6.7,Wheat,Clay,5.51
591.1,25.0,124.9,6.9,7.7,Cotton,Loamy,4.76
1085.0,21.7,149.0,6.3,5.9,Rice,Sandy,5.72
1090.2,26.0,163.6,9.3,5.7,Wheat,Sandy,6.68
1135.3,36.2,174.1,5.9,6.9,Cotton,Clay,5.42
905.9,27.5,86.1,3.8,6.8,Maize,Clay,4.99
612.8,36.9,51.3,4.8,5.8,Rice,Loamy,5.02
665.8,30.9,90.1,4.2,6.7,Maize,Loamy,5.1
452.8,30.4,180.8,7.0,7.0,Cotton,Loamy,4.61
1174.1,32.5,129.1,2.3,7.7,Wheat,Sandy,4.79
544.0,21.5,249.0,6.0,6.9,Rice,Clay,6.18
540.4,22.0,129.4,6.2,7.4,Soybean,Loamy,4.88
1148.6,36.6,62.2,8.2,6.6,Rice,Clay,6.48
1084.4,32.0,151.9,8.1,7.3,Wheat,Loamy,6.3
646.4,27.4,75.8,5.8,7.6,Cotton,Loamy,5.17
969.1,32.4,105.7,1.4,6.2,Wheat,Clay,4.31
975.1,35.5,113.6,1.1,8.0,Rice,Clay,4.75
949.7,20.6,161.3,8.0,6.6,Soybean,Clay,5.61
660.1,24.3,128.5,3.4,7.9,Wheat,Sandy,4.08
617.4,28.9,126.2,7.7,5.7,Maize,Clay,4.82
1110.5,29.2,200.0,1.7,5.6,Wheat,Sandy,4.64
486.3,30.3,177.0,3.9,7.4,Rice,Sandy,4.46
400.4,31.1,134.9,2.7,5.9,Cotton,Sandy,2.86
825.1,27.3,84.2,1.9,7.4,Rice,Clay,5.14
929.6,29.1,168.4,1.3,5.6,Maize,Loamy,5.48
961.3,25.3,78.3,5.8,5.6,Maize,Sandy,4.92
472.5,33.6,90.0,8.4,6.2,Wheat,Loamy,5.33
762.3,18.7,201.5,9.1,7.3,Rice,Loamy,7.19
426.5,29.4,94.3,6.8,8.0,Rice,Clay,5.3
339.3,34.0,152.6,3.9,5.6,Cotton,Clay,3.33
763.9,23.1,175.8,6.2,5.9,Rice,Sandy,5.69
983.4,31.1,148.7,9.5,7.0,Rice,Clay,7.25
1059.0,30.2,209.0,5.2,5.8,Soybean,Clay,6.37
798.5,32.3,215.4,9.8,6.6,Soybean,Clay,6.96
453.1,18.8,225.1,9.7,6.2,Maize,Loamy,6.06
778.7,32.6,83.7,5.4,7.1,Soybean,Loamy,4.86
917.4,23.0,85.4,5.1,6.6,Wheat,Sandy,4.94
955.4,25.8,186.4,6.8,7.9,Soybean,Sandy,6.14
605.3,25.2,193.3,7.7,6.3,Soybean,Sandy,5.14
371.0,18.3,130.8,9.8,5.5,Maize,Clay,4.74
368.0,28.8,67.7,9.8,6.5,Rice,Clay,5.81
596.9,30.1,82.4,3.5,7.4,Rice,Loamy,4.63
406.6,27.5,96.2,6.9,7.9,Rice,Clay,4.8
597.1,27.3,73.2,5.3,7.4,Soybean,Loamy,5.57
933.3,18.7,146.6,8.3,6.0,Soybean,Loamy,6.36
730.3,20.2,125.5,2.4,6.7,Cotton,Sandy,2.82
612.3,18.9,199.0,8.0,6.6,Rice,Loamy,6.66
863.6,22.2,156.6,3.6,6.6,Rice,Sandy,5.27
719.5,24.3,248.9,7.3,5.8,Wheat,Loamy,6.06
1187.2,32.5,105.8,3.1,6.1,Cotton,Loamy,4.77
598.9,37.3,158.8,1.6,5.7,Maize,Clay,3.32
1153.4,20.0,94.5,5.0,6.3,Wheat,Loamy,5.94
558.9,22.7,125.9,2.6,7.1,Soybean,Loamy,4.54
969.2,27.3,95.9,4.8,6.8,Cotton,Sandy,4.74
588.4,27.0,121.4,7.8,7.0,Wheat,Clay,5.92
576.6,24.9,87.5,1.3,6.6,Cotton,Sandy,2.95
880.8,34.0,56.0,1.8,5.9,Cotton,Clay,3.16
1098.2,30.9,137.7,9.5,5.6,Cotton,Clay,6.27
656.5,20.9,214.1,8.1,6.0,Rice,Clay,5.76
423.3,34.3,148.7,5.9,7.3,Soybean,Clay,4.12
915.5,35.9,181.3,8.0,7.5,Rice,Loamy,6.34
952.8,35.6,133.6,2.5,6.3,Maize,Clay,4.16
952.9,33.5,132.3,1.7,5.9,Soybean,Sandy,4.26
888.7,36.0,249.2,4.5,7.7,Cotton,Clay,5.08
744.7,36.3,157.0,3.6,6.4,Wheat,Clay,4.51
512.1,32.7,101.2,8.1,5.9,Wheat,Sandy,4.48
1015.8,23.1,132.6,9.4,6.1,Wheat,Clay,6.05
1010.6,27.5,192.2,6.6,7.8,Cotton,Sandy,5.78
1061.1,30.0,89.3,7.4,6.0,Cotton,Loamy,5.55
1141.9,24.4,142.4,3.3,7.7,Cotton,Clay,5.34
912.2,36.3,237.8,6.2,6.6,Rice,Sandy,5.66
812.5,21.8,114.2,2.7,7.8,Soybean,Loamy,4.92
1079.3,18.1,141.7,5.9,6.6,Maize,Loamy,5.87
923.1,22.3,141.2,1.7,6.6,Rice,Clay,4.84
612.4,18.8,99.2,5.6,7.3,Maize,Loamy,4.6
963.7,29.9,186.9,6.7,7.9,Rice,Clay,6.4
376.8,23.9,182.5,1.6,5.7,Wheat,Loamy,4.14
485.8,30.3,174.4,3.6,5.7,Maize,Clay,4.79
439.3,33.8,162.8,1.5,7.9,Soybean,Clay,3.4
594.4,26.3,71.6,1.8,5.8,Soybean,Loamy,4.85
863.6,23.1,130.3,4.1,6.4,Maize,Loamy,4.83
764.6,26.7,130.2,7.2,5.6,Cotton,Sandy,5.11
353.7,24.7,241.8,1.8,5.6,Wheat,Sandy,4.06
694.1,37.5,114.8,3.4,5.8,Maize,Loamy,4.09
706.4,31.9,101.2,5.3,7.7,Cotton,Sandy,4.2
623.7,20.9,152.7,6.2,6.3,Cotton,Sandy,4.2
476.9,25.7,67.6,1.4,6.7,Maize,Sandy,2.55
1115.6,21.3,62.1,7.5,6.4,Maize,Sandy,5.4
449.1,21.1,88.0,3.1,5.6,Maize,Loamy,4.1
648.0,25.9,192.4,6.1,6.4,Maize,Sandy,5.09
1055.1,18.5,124.1,3.6,6.2,Rice,Sandy,4.68
472.1,28.6,197.6,1.2,7.5,Rice,Clay,4.54
746.1,25.4,84.4,9.0,7.0,Wheat,Loamy,5.97
363.2,24.2,110.7,6.7,6.0,Maize,Loamy,4.44
1169.3,27.5,159.4,8.7,7.8,Maize,Clay,7.29
1069.5,33.7,52.9,3.2,5.8,Cotton,Loamy,4.21
462.3,36.9,173.5,4.9,6.5,Soybean,Clay,4.43
878.9,21.2,146.5,8.7,7.6,Cotton,Loamy,5.42
645.1,18.8,144.5,3.8,7.8,Maize,Sandy,3.56
878.0,19.9,183.5,4.6,5.7,Maize,Loamy,5.66
1046.8,18.8,230.5,2.0,5.7,Rice,Clay,5.88
1144.6,19.3,219.9,2.5,7.9,Soybean,Loamy,6.32
602.8,25.1,153.3,8.9,5.8,Maize,Loamy,6.19
853.0,30.2,157.4,6.5,7.4,Soybean,Sandy,5.74
526.4,24.2,243.6,9.5,7.1,Rice,Clay,6.49
661.4,27.5,210.8,6.0,6.4,Wheat,Loamy,5.76
1188.5,30.1,84.0,6.0,6.1,Soybean,Sandy,5.57
534.9,19.3,176.2,6.9,6.7,Rice,Clay,5.5
820.5,25.6,192.5,5.1,6.4,Wheat,Loamy,6.2
1094.3,34.1,163.9,7.7,7.2,Maize,Clay,5.58
580.8,19.0,70.6,2.9,6.4,Cotton,Loamy,3.79
1010.8,30.6,191.5,6.8,5.9,Maize,Clay,6.4
911.3,28.4,97.8,9.3,6.5,Rice,Clay,6.41
973.9,28.8,149.4,6.9,7.8,Wheat,Loamy,6.29
933.5,29.2,180.2,1.5,7.1,Maize,Clay,4.86
1078.6,28.3,211.1,9.0,7.0,Soybean,Loamy,7.5
325.1,24.6,70.6,8.5,6.3,Rice,Sandy,4.59
363.2,25.4,169.2,2.0,7.2,Soybean,Loamy,3.94
408.5,24.0,147.6,9.2,5.6,Cotton,Sandy,4.12
1104.5,34.7,83.6,4.7,6.8,Cotton,Loamy,5.46
409.0,27.9,202.6,3.4,6.6,Cotton,Loamy,4.77
402.6,25.0,202.0,5.4,7.7,Rice,Loamy,6.04
785.6,29.8,163.7,4.8,7.8,Wheat,Clay,4.87
989.9,19.1,191.6,1.3,5.7,Rice,Clay,5.24
476.0,22.7,109.7,2.4,7.7,Maize,Loamy,4.34
1118.4,32.4,72.4,1.0,6.8,Cotton,Sandy,4.02
311.0,20.3,242.8,7.1,7.9,Rice,Clay,5.22
587.8,22.2,153.1,9.7,7.1,Cotton,Sandy,5.12
1013.0,18.7,85.6,5.8,6.4,Soybean,Clay,4.86
860.5,28.5,160.3,2.5,6.3,Maize,Loamy,5.38
1161.7,28.5,214.2,3.6,5.5,Maize,Clay,6.06
324.7,27.9,230.1,6.1,6.3,Cotton,Loamy,4.98
379.0,18.3,222.5,9.1,5.6,Rice,Loamy,5.81
772.1,19.8,108.9,2.1,7.1,Cotton,Sandy,3.65
626.1,28.3,187.3,3.4,6.1,Soybean,Sandy,4.87
460.9,18.9,176.2,4.8,7.0,Wheat,Clay,4.68
1046.5,27.0,205.1,3.0,6.8,Cotton,Clay,5.26
980.9,29.1,75.0,7.2,7.3,Maize,Sandy,5.41
1193.2,33.1,131.8,1.3,7.2,Cotton,Clay,4.56
491.8,33.6,222.6,5.2,5.7,Maize,Sandy,4.11
789.9,33.7,191.0,5.9,5.7,Wheat,Clay,5.41
1038.7,24.7,224.3,7.4,6.5,Rice,Sandy,6.67
1052.0,36.0,110.9,9.6,6.2,Soybean,Loamy,6.65
348.5,29.2,141.8,3.5,7.2,Cotton,Loamy,4.01
345.8,22.0,245.6,6.5,7.6,Cotton,Clay,4.17
1194.9,33.0,127.5,2.1,6.5,Cotton,Clay,4.57
474.4,29.0,214.9,1.1,7.1,Maize,Loamy,4.28
869.6,24.3,185.0,2.5,7.1,Cotton,Clay,4.4
814.5,24.7,65.7,3.5,6.2,Wheat,Loamy,4.87
554.9,22.5,65.4,1.1,7.6,Rice,Sandy,3.17
825.8,31.0,230.9,8.1,7.8,Rice,Sandy,6.67
627.9,33.7,101.2,9.8,7.7,Maize,Loamy,5.24
1158.2,34.0,189.7,4.6,6.3,Rice,Clay,6.78
1060.1,24.1,76.8,8.2,6.0,Soybean,Loamy,6.9
868.8,33.5,173.6,2.7,5.8,Cotton,Sandy,3.75
577.0,23.1,174.9,4.8,7.9,Cotton,Clay,4.41
559.8,31.9,193.1,5.0,6.0,Wheat,Sandy,4.23
485.3,19.9,84.4,8.5,5.7,Cotton,Loamy,4.79
901.7,31.1,107.2,2.3,5.7,Soybean,Sandy,4.1
802.1,20.7,131.6,1.2,7.4,Rice,Loamy,4.54
949.7,31.8,92.4,4.1,7.4,Wheat,Sandy,4.64
698.2,23.9,73.6,4.8,7.7,Maize,Clay,4.68
489.2,20.2,167.7,4.3,7.7,Soybean,Clay,3.99
964.2,27.0,110.2,4.8,5.7,Wheat,Sandy,4.91
754.8,26.7,104.0,3.6,6.9,Rice,Loamy,5.82
627.7,35.8,205.5,7.5,5.7,Cotton,Sandy,4.72
379.5,30.4,186.6,3.2,6.1,Soybean,Sandy,3.35
760.9,19.0,240.1,4.3,6.3,Rice,Loamy,6.18
967.9,30.6,120.8,5.7,7.0,Wheat,Clay,5.28
561.8,31.8,64.0,7.3,7.2,Soybean,Loamy,5.22
383.6,19.6,186.7,1.5,6.5,Rice,Clay,4.0
514.6,18.2,199.2,1.6,6.1,Wheat,Clay,4.16
504.0,29.5,60.3,8.0,7.9,Soybean,Loamy,5.15
1100.5,25.4,180.8,2.2,7.3,Cotton,Clay,5.27
649.1,27.1,76.3,4.3,7.8,Soybean,Loamy,5.42
1125.1,27.3,134.8,5.4,7.0,Cotton,Loamy,6.4
1169.5,21.9,230.1,6.7,7.7,Soybean,Loamy,6.55
692.7,32.9,164.2,1.4,6.1,Rice,Sandy,3.71
1045.3,25.8,66.2,8.1,7.1,Soybean,Loamy,6.48
826.0,21.1,136.7,7.6,6.8,Soybean,Loamy,5.65
1166.2,19.0,137.5,9.4,6.0,Rice,Clay,6.75
972.2,29.2,196.8,4.2,6.5,Maize,Sandy,4.8
1086.4,24.4,63.6,6.4,5.7,Soybean,Clay,5.42
413.0,36.5,188.1,5.2,6.5,Soybean,Clay,4.13
1017.4,36.9,174.1,7.0,7.9,Rice,Sandy,5.56
423.4,20.2,59.4,1.5,6.2,Cotton,Sandy,2.34
592.5,22.6,187.4,6.9,6.9,Cotton,Sandy,4.09
667.2,21.8,167.6,2.8,7.2,Maize,Sandy,3.46
885.1,20.7,79.0,6.8,7.3,Soybean,Loamy,5.19
542.6,31.5,171.7,4.2,5.9,Wheat,Clay,4.49
357.9,36.9,162.2,3.0,7.9,Maize,Loamy,3.88
938.2,30.9,235.6,2.2,7.5,Rice,Clay,5.87
521.9,21.0,183.3,7.6,8.0,Rice,Sandy,4.92
691.2,33.8,116.5,2.9,6.4,Maize,Sandy,4.04
599.4,25.6,81.1,4.7,6.8,Wheat,Sandy,3.66
814.6,19.6,128.0,1.4,5.6,Wheat,Clay,4.19
794.1,29.6,101.0,1.5,7.3,Soybean,Sandy,3.68
946.2,24.4,160.1,5.1,7.8,Wheat,Loamy,5.76
886.6,35.3,120.3,6.2,6.5,Soybean,Loamy,5.07
1065.2,22.2,69.8,5.6,6.1,Cotton,Clay,4.49
1155.2,19.9,213.7,9.7,7.0,Cotton,Clay,6.15
554.4,32.1,150.6,2.3,7.5,Wheat,Clay,4.33
436.1,22.7,114.0,1.3,7.5,Cotton,Loamy,3.7
506.5,27.7,205.8,7.0,5.9,Soybean,Sandy,4.96
988.2,24.0,199.3,1.2,6.8,Wheat,Loamy,5.07
675.6,37.8,144.2,4.1,7.3,Soybean,Clay,4.67
890.9,31.5,239.0,7.5,7.4,Wheat,Sandy,5.7
864.0,26.0,94.9,9.5,7.8,Maize,Sandy,5.38
1033.2,26.8,103.0,2.7,7.7,Cotton,Sandy,4.76
836.0,26.9,130.7,8.9,7.5,Cotton,Clay,5.9
633.2,18.3,232.4,1.1,6.3,Maize,Sandy,3.8
674.2,37.3,98.4,3.9,7.5,Rice,Sandy,3.83
682.3,37.1,73.2,1.8,7.9,Maize,Sandy,2.54
1030.5,23.8,129.2,2.2,6.4,Cotton,Sandy,4.18
1056.2,29.3,241.4,2.2,6.3,Maize,Clay,5.44
680.9,32.2,204.0,10.0,6.9,Maize,Clay,5.76
1119.3,32.3,142.2,1.9,5.5,Wheat,Sandy,4.7
759.6,25.8,183.7,7.7,6.0,Wheat,Sandy,5.98
1086.7,27.3,132.4,2.5,7.0,Maize,Loamy,6.07
480.6,31.0,166.3,1.8,7.0,Wheat,Loamy,4.42
1044.8,18.9,183.9,3.2,6.1,Maize,Loamy,5.15
458.7,37.0,102.4,1.7,5.7,Maize,Sandy,2.57
726.8,19.9,156.3,9.8,6.3,Cotton,Clay,5.25
1061.8,33.0,235.0,4.4,6.1,Soybean,Clay,5.92
373.3,21.8,77.1,2.6,6.6,Cotton,Sandy,2.87
328.2,24.3,100.6,2.9,7.8,Cotton,Clay,3.36
1145.5,33.5,145.8,1.9,7.4,Wheat,Loamy,4.94
1069.3,27.2,90.1,8.1,7.6,Maize,Clay,5.89
1130.7,29.0,72.7,3.3,7.0,Rice,Sandy,5.62
897.5,34.2,137.7,2.4,7.5,Rice,Clay,4.6
705.8,18.5,71.0,2.9,6.6,Wheat,Clay,4.26
915.2,35.8,222.7,7.3,7.0,Cotton,Sandy,5.01
644.3,24.6,70.2,7.0,6.8,Maize,Loamy,5.59
543.7,31.1,173.2,2.6,6.8,Wheat,Clay,3.87
636.7,19.6,128.6,4.6,6.4,Cotton,Sandy,3.71
1184.3,22.3,105.5,2.6,5.6,Rice,Clay,5.66
591.6,21.4,131.4,1.5,6.9,Cotton,Loamy,4.18
520.0,27.6,235.8,7.3,7.9,Rice,Clay,6.27
549.1,37.5,129.1,2.3,7.9,Wheat,Loamy,3.69
484.7,30.8,240.2,8.8,6.4,Rice,Clay,5.98
829.6,20.4,216.3,8.8,7.2,Soybean,Clay,6.64
1146.5,30.0,157.9,7.9,6.2,Soybean,Sandy,6.33
988.8,35.7,244.6,3.9,5.7,Maize,Loamy,5.37
351.8,29.7,195.1,5.4,6.9,Soybean,Sandy,4.01
673.3,23.4,128.9,9.5,6.4,Soybean,Clay,6.29
856.9,28.8,128.6,2.2,6.8,Soybean,Clay,4.9
844.1,21.7,157.3,3.8,6.8,Cotton,Sandy,4.04
614.3,24.8,53.0,6.7,7.4,Wheat,Sandy,4.11
591.4,36.6,135.0,7.5,8.0,Wheat,Clay,4.95
712.8,33.9,53.4,2.6,7.1,Rice,Loamy,4.67
481.3,36.9,122.1,7.6,7.9,Maize,Clay,4.34
1034.6,25.5,151.2,6.4,6.2,Maize,Sandy,5.35
992.5,20.6,147.5,7.7,7.8,Soybean,Loamy,6.37
779.4,37.9,145.1,2.3,7.0,Wheat,Clay,3.79
463.8,37.5,210.5,5.5,6.1,Soybean,Clay,4.59
635.0,28.4,238.7,1.7,7.7,Rice,Clay,5.04
824.7,18.6,94.6,6.9,6.7,Wheat,Clay,4.95
1081.2,35.5,236.9,1.1,7.1,Wheat,Sandy,4.75
1029.0,37.1,132.6,5.4,5.9,Maize,Loamy,5.52
443.1,24.8,95.8,2.3,5.8,Soybean,Clay,3.68
1164.4,32.3,132.6,2.6,5.8,Soybean,Sandy,4.57
741.7,20.2,207.9,8.4,6.9,Maize,Clay,6.11
498.1,36.9,56.6,8.8,7.4,Maize,Clay,4.22
1035.7,32.3,81.0,9.9,6.5,Soybean,Sandy,6.06
859.6,19.1,241.1,8.5,6.5,Soybean,Loamy,6.89
652.2,32.6,50.8,2.5,7.2,Wheat,Clay,3.79
832.9,25.1,59.5,5.8,6.9,Cotton,Loamy,4.64
512.4,23.5,170.0,7.0,6.3,Maize,Sandy,4.22
759.1,35.9,121.2,6.0,7.9,Soybean,Clay,4.54
548.6,28.0,53.4,8.5,7.4,Rice,Clay,5.2
593.7,37.0,174.0,5.8,7.6,Cotton,Loamy,4.95
712.7,23.5,93.3,4.3,8.0,Maize,Clay,4.27
874.8,29.4,78.4,9.1,5.6,Rice,Clay,6.1
1060.0,32.3,131.3,2.0,7.1,Maize,Sandy,4.65
585.3,29.6,156.4,9.9,6.6,Maize,Loamy,5.83
494.1,36.4,88.5,5.6,7.7,Rice,Clay,5.0
722.2,35.3,247.4,4.2,7.6,Cotton,Clay,4.7
610.4,25.8,174.7,1.9,6.0,Wheat,Loamy,4.97
631.1,20.2,192.3,3.7,6.8,Rice,Loamy,5.15
951.5,19.3,249.3,1.8,7.1,Wheat,Sandy,4.37
512.5,31.0,133.5,5.0,7.9,Soybean,Loamy,4.93
428.0,23.8,101.7,6.6,7.4,Maize,Clay,4.41
496.3,26.9,61.4,6.7,6.0,Rice,Clay,5.45
682.2,18.3,168.2,8.5,6.8,Soybean,Sandy,4.57
1145.7,27.8,243.6,9.6,7.3,Wheat,Clay,7.86
1199.4,21.3,85.3,6.9,6.8,Soybean,Clay,6.35
500.8,32.7,67.2,6.7,6.3,Maize,Loamy,4.52
595.8,24.3,146.7,3.6,6.8,Soybean,Clay,4.39
342.6,18.0,90.3,3.4,7.7,Soybean,Loamy,3.5
817.5,21.2,215.2,2.0,5.6,Maize,Loamy,5.09
575.0,18.1,122.1,6.9,6.4,Maize,Loamy,4.4
598.6,34.4,81.3,2.7,6.1,Soybean,Sandy,3.57
399.3,32.6,173.7,9.5,6.8,Cotton,Loamy,4.81
949.4,23.7,227.3,1.8,6.7,Wheat,Loamy,5.64
922.3,26.8,191.4,1.6,6.3,Rice,Clay,5.71
559.0,23.3,121.8,4.0,7.2,Rice,Clay,5.03
1051.7,33.8,210.4,1.6,6.0,Maize,Clay,4.79
937.1,28.0,97.9,8.5,7.9,Soybean,Loamy,6.82
1021.4,29.2,127.3,9.2,6.6,Wheat,Sandy,6.12
1029.7,20.8,88.8,8.5,7.2,Soybean,Loamy,6.21
851.5,35.5,205.9,2.2,7.0,Cotton,Sandy,4.15
562.5,36.1,185.8,7.0,6.4,Soybean,Clay,5.4
1086.7,27.8,112.1,7.7,5.6,Rice,Sandy,6.49
1155.6,30.0,173.2,4.4,5.8,Soybean,Sandy,5.39
312.4,22.1,111.3,7.7,6.0,Cotton,Loamy,4.27
783.0,28.4,94.1,2.7,6.2,Wheat,Loamy,5.28
1122.7,22.7,234.7,6.1,6.9,Soybean,Loamy,6.99
603.4,37.2,164.4,6.7,7.3,Cotton,Loamy,4.35
535.8,25.9,202.4,1.9,6.8,Rice,Loamy,5.11
592.8,30.3,102.2,6.6,6.4,Soybean,Clay,4.55
1070.3,30.5,173.1,9.1,5.8,Soybean,Clay,7.04
363.5,21.4,88.6,4.1,6.1,Soybean,Sandy,3.02
314.4,18.4,206.6,5.4,5.7,Wheat,Sandy,4.03
782.8,33.6,106.9,7.9,6.4,Soybean,Clay,5.78
1157.6,27.2,54.8,2.3,7.4,Wheat,Loamy,5.46
459.9,30.9,198.4,4.7,6.6,Soybean,Sandy,4.76
1062.2,20.2,180.6,3.8,7.6,Rice,Clay,5.95
838.8,23.2,82.1,3.3,5.7,Rice,Clay,4.72
351.6,23.5,106.4,9.4,7.8,Rice,Clay,5.54
798.6,20.8,157.6,7.2,7.0,Wheat,Clay,5.54
973.6,25.5,152.3,3.1,6.1,Rice,Clay,5.71
1126.4,24.4,189.1,4.8,5.6,Cotton,Sandy,5.5
302.8,19.5,172.0,2.8,7.1,Rice,Clay,4.02
498.3,36.0,100.5,4.4,7.8,Maize,Sandy,3.58
329.7,26.0,73.9,3.6,7.8,Soybean,Loamy,3.78
1159.0,20.7,56.2,4.5,6.8,Maize,Sandy,4.19
623.6,32.2,170.7,8.4,6.1,Cotton,Clay,5.51
774.9,33.2,232.9,5.9,7.3,Wheat,Clay,5.9
1000.7,32.6,125.7,8.7,5.6,Wheat,Clay,6.59
1006.5,26.8,194.5,7.0,7.0,Maize,Clay,6.42
605.3,25.6,232.3,9.7,8.0,Rice,Sandy,6.59
1123.3,20.4,146.3,1.1,5.6,Soybean,Sandy,4.21
741.6,22.9,116.4,6.8,6.5,Rice,Loamy,5.61
716.7,24.0,67.3,4.9,7.8,Maize,Sandy,4.04
499.6,35.3,194.6,5.7,6.9,Cotton,Loamy,4.69
1089.5,31.5,242.7,7.2,6.0,Maize,Loamy,6.61
368.0,19.0,199.2,3.8,7.6,Maize,Clay,3.64
828.1,36.4,205.5,7.6,5.9,Maize,Sandy,5.06
375.8,34.4,219.4,8.3,6.1,Rice,Sandy,4.86
483.6,34.0,170.5,6.1,7.0,Cotton,Sandy,3.31
374.0,23.8,202.8,1.7,7.0,Maize,Clay,3.71
760.3,29.5,138.3,8.7,6.7,Maize,Sandy,5.17
1050.3,30.1,53.0,7.1,6.3,Rice,Loamy,6.77
445.0,30.3,217.5,7.9,6.7,Soybean,Clay,5.66
858.4,22.2,193.4,9.6,7.6,Rice,Loamy,7.12
310.4,36.1,57.6,2.0,7.0,Wheat,Sandy,2.09
1071.6,32.0,204.0,1.1,6.3,Cotton,Sandy,3.88
301.1,29.7,182.7,8.1,7.0,Wheat,Loamy,5.16
629.0,26.0,143.5,2.7,7.4,Rice,Loamy,5.33
421.5,30.0,80.3,4.9,5.7,Maize,Sandy,3.59
1057.6,33.2,79.2,1.7,7.4,Maize,Loamy,4.54
856.3,30.8,174.0,1.3,5.9,Soybean,Loamy,5.11
788.7,35.1,192.2,8.9,8.0,Soybean,Clay,5.57
1009.5,36.4,97.8,5.2,7.4,Rice,Clay,5.8
446.3,29.0,158.5,4.4,6.0,Cotton,Clay,3.92
545.3,26.7,231.4,6.1,6.7,Cotton,Clay,5.6
885.8,37.6,162.7,5.3,7.3,Wheat,Clay,5.19
310.7,38.0,88.2,2.0,7.5,Maize,Clay,2.7
946.5,21.0,118.7,4.3,6.2,Maize,Loamy,5.42
927.8,20.9,202.1,8.4,6.8,Maize,Loamy,6.93
722.9,21.1,103.3,8.2,6.4,Soybean,Loamy,5.7
656.4,33.6,80.2,7.1,7.5,Cotton,Loamy,5.05
1200.0,20.6,191.6,8.7,6.5,Soybean,Clay,6.5
964.6,36.5,67.6,6.3,6.1,Cotton,Clay,4.76
846.3,20.1,237.8,9.4,5.8,Soybean,Clay,6.89
717.1,26.1,188.9,6.2,6.0,Maize,Clay,5.73
1122.5,31.2,199.1,2.0,5.8,Wheat,Clay,5.17
658.2,25.4,78.6,4.8,6.4,Rice,Loamy,5.56
836.3,25.2,176.6,5.2,7.9,Maize,Clay,5.36
540.5,35.7,198.2,4.2,6.1,Maize,Loamy,4.89
1124.0,20.9,171.5,2.5,7.2,Maize,Sandy,4.58
667.3,20.6,125.7,1.2,6.0,Soybean,Loamy,4.34
1057.0,37.3,189.8,9.9,7.8,Wheat,Clay,6.47
995.8,25.1,111.7,7.0,6.0,Cotton,Loamy,5.76
539.9,35.2,182.1,9.9,6.6,Wheat,Loamy,5.46
581.8,26.3,241.4,1.2,8.0,Wheat,Sandy,3.96
349.7,32.6,106.8,4.7,6.1,Soybean,Sandy,3.69
560.8,30.4,100.4,3.9,6.7,Rice,Loamy,4.82
539.4,35.9,225.7,6.2,6.0,Maize,Sandy,4.38
574.6,23.8,236.4,7.9,6.4,Maize,Sandy,5.04
902.3,29.6,61.1,2.7,6.2,Wheat,Loamy,4.51
1189.6,34.1,199.0,8.9,7.0,Wheat,Clay,6.39
393.4,28.2,50.8,7.7,7.6,Wheat,Sandy,4.39
340.7,23.3,85.3,5.9,6.3,Rice,Sandy,3.87
440.9,22.2,105.6,6.9,6.0,Maize,Clay,4.86
455.0,32.3,190.6,3.0,6.6,Cotton,Clay,3.98
675.9,22.7,126.2,1.8,6.4,Maize,Clay,4.5
451.8,34.5,201.9,6.0,5.8,Cotton,Clay,4.4
1103.4,18.7,104.7,8.2,6.1,Cotton,Clay,5.89
1057.9,20.8,144.2,8.5,7.9,Wheat,Loamy,6.06
888.8,24.9,230.2,5.6,6.8,Rice,Clay,6.41
935.3,29.6,235.4,8.8,6.8,Wheat,Loamy,7.07
304.3,32.5,86.5,9.7,7.0,Soybean,Sandy,4.52
1119.7,31.4,51.3,8.6,6.9,Maize,Loamy,6.5
522.3,28.4,175.6,2.6,5.6,Soybean,Sandy,4.31
982.0,36.8,238.4,6.2,8.0,Rice,Sandy,6.02
1162.8,30.4,116.5,1.3,6.7,Soybean,Loamy,5.76
946.4,25.3,240.9,7.8,7.9,Cotton,Sandy,5.63
1139.1,23.0,190.3,8.1,6.4,Maize,Clay,6.09
398.0,20.3,239.2,2.4,6.1,Wheat,Clay,3.79
512.5,20.6,185.7,3.1,7.3,Soybean,Clay,4.79
473.3,21.3,120.6,2.3,5.6,Wheat,Clay,3.67
796.1,30.1,70.1,3.5,6.0,Wheat,Sandy,4.38
874.7,18.5,103.3,9.7,7.9,Rice,Loamy,6.35
683.8,26.3,75.0,1.2,6.9,Wheat,Sandy,3.14
892.1,34.8,60.9,5.8,6.4,Cotton,Clay,4.38
504.9,31.2,67.4,4.8,7.8,Rice,Loamy,4.46
744.8,37.3,178.8,5.0,7.7,Cotton,Loamy,4.63
1077.1,35.1,246.7,5.3,5.7,Wheat,Loamy,6.33
461.1,34.4,231.7,7.4,7.2,Rice,Clay,5.8
309.5,24.3,222.2,4.6,6.7,Wheat,Sandy,4.19
675.5,22.0,207.7,5.6,6.3,Wheat,Sandy,4.4
376.8,25.4,124.9,3.8,7.6,Soybean,Loamy,4.27
1088.9,37.2,238.4,1.2,6.0,Maize,Sandy,4.88
1182.9,32.5,50.3,1.7,7.1,Cotton,Loamy,4.12
843.1,25.2,209.2,3.9,6.7,Wheat,Clay,5.72
357.7,21.5,51.1,3.7,5.7,Rice,Clay,3.58
619.0,21.3,223.6,7.1,7.7,Soybean,Loamy,5.93
664.8,31.9,229.4,7.3,5.9,Rice,Sandy,5.27
795.9,23.7,93.5,3.6,7.1,Rice,Clay,4.91
737.8,25.4,181.3,6.9,5.5,Soybean,Sandy,5.4
486.7,34.0,83.0,4.7,6.3,Rice,Loamy,4.98
670.9,19.2,81.1,3.2,7.4,Cotton,Loamy,4.34
790.3,19.4,149.2,3.3,5.7,Maize,Clay,4.34
350.7,22.3,169.6,8.4,6.6,Rice,Clay,5.93
638.1,36.9,153.3,6.5,6.5,Maize,Clay,4.34
886.9,37.2,134.0,9.8,7.9,Soybean,Loamy,6.71
852.6,28.9,246.2,9.3,6.8,Cotton,Clay,6.6
1112.7,28.6,53.4,6.6,6.5,Wheat,Clay,5.57
419.6,37.8,178.6,8.1,6.3,Maize,Sandy,3.94
1104.0,36.6,189.5,6.0,6.3,Soybean,Clay,5.56
656.9,32.2,124.4,3.7,7.0,Wheat,Clay,4.56
798.3,19.7,191.1,3.6,5.7,Rice,Sandy,5.26
745.9,22.7,128.5,6.0,7.5,Maize,Loamy,5.63
1051.0,29.2,203.6,4.9,7.6,Soybean,Clay,6.48
565.3,20.6,117.7,7.5,6.4,Cotton,Clay,4.13
582.3,31.9,211.9,3.7,6.4,Maize,Loamy,4.99
554.5,22.7,213.0,2.1,5.9,Maize,Clay,3.94
1153.0,36.6,232.3,5.8,6.3,Wheat,Loamy,6.17
709.5,31.4,232.1,7.4,7.4,Wheat,Sandy,5.39
672.5,24.4,142.4,5.9,7.5,Wheat,Sandy,4.5
960.8,18.3,63.8,5.2,6.6,Wheat,Clay,4.7
464.8,36.8,100.1,9.6,7.5,Rice,Sandy,4.39
904.6,28.5,173.9,4.4,5.9,Wheat,Sandy,5.02
1071.6,32.5,232.6,6.0,7.9,Wheat,Clay,6.7
799.9,21.4,197.0,7.0,6.0,Rice,Loamy,6.18
920.7,34.0,211.2,1.4,7.1,Rice,Sandy,4.63
735.3,21.4,217.1,1.0,7.0,Cotton,Sandy,4.05
542.7,36.8,127.2,1.1,6.3,Rice,Clay,3.54
976.3,25.9,83.7,9.9,6.3,Rice,Sandy,6.03
513.5,22.4,180.8,2.8,5.6,Maize,Clay,4.63
445.2,27.6,74.3,2.8,5.8,Cotton,Loamy,3.37
782.4,35.4,198.4,8.5,7.3,Maize,Loamy,6.22
862.5,35.8,160.7,1.3,8.0,Soybean,Sandy,4.06
823.6,22.3,223.4,7.6,6.5,Maize,Loamy,6.41
733.7,31.5,108.8,7.5,6.5,Cotton,Sandy,4.51
1198.3,32.4,208.6,5.6,7.1,Rice,Clay,7.0
737.4,36.3,70.3,1.7,6.0,Maize,Clay,4.01
586.0,33.9,94.1,9.1,7.0,Soybean,Loamy,5.88
301.9,18.6,84.0,4.8,6.2,Wheat,Sandy,2.6
798.8,31.6,78.6,9.1,7.6,Wheat,Clay,5.23
1013.2,30.4,164.6,2.9,5.9,Soybean,Sandy,4.81
964.3,28.5,202.2,1.2,6.0,Wheat,Loamy,5.76
808.3,35.6,183.4,6.1,6.6,Wheat,Loamy,5.1
368.3,21.2,103.8,3.4,6.7,Rice,Clay,3.65
748.5,24.7,178.2,8.2,7.2,Cotton,Sandy,4.69
1185.8,37.9,186.3,6.6,6.6,Maize,Sandy,5.31
624.2,22.2,199.5,7.6,5.6,Wheat,Sandy,5.27
1095.4,30.0,234.9,4.2,6.0,Soybean,Clay,6.04
1060.1,35.9,97.1,2.9,7.7,Cotton,Sandy,3.88
1078.7,29.7,128.8,8.3,7.1,Wheat,Loamy,6.63
540.1,18.4,163.1,8.3,5.8,Rice,Clay,5.82
1164.4,34.9,152.5,7.0,7.2,Cotton,Loamy,6.45
474.3,36.3,81.6,5.1,8.0,Soybean,Sandy,3.38
1197.7,31.4,190.5,4.9,6.7,Cotton,Loamy,5.62
944.9,25.0,172.1,6.2,6.4,Maize,Sandy,5.42
849.0,25.4,129.2,5.1,6.4,Maize,Loamy,5.56
1154.6,18.5,54.5,5.6,7.2,Rice,Clay,5.78
351.0,36.5,146.9,7.2,8.0,Wheat,Clay,3.92
1047.8,31.4,196.4,9.0,7.0,Wheat,Loamy,6.62
467.3,22.0,88.3,4.3,5.6,Rice,Sandy,4.48
845.3,35.7,138.1,3.3,7.0,Rice,Sandy,4.11
577.1,25.5,217.8,8.8,6.0,Soybean,Sandy,5.55
911.7,25.7,246.7,6.0,5.7,Wheat,Sandy,5.74
820.9,31.8,77.4,9.0,6.3,Soybean,Loamy,6.46
358.3,23.8,131.2,5.2,7.7,Rice,Clay,4.92
566.4,18.2,71.0,8.9,7.2,Soybean,Sandy,4.67
459.1,37.5,192.3,9.5,7.7,Wheat,Clay,5.09
701.3,37.9,152.6,1.8,6.7,Rice,Sandy,3.64
553.1,35.4,105.9,6.1,6.1,Wheat,Clay,4.73
1187.6,31.7,63.1,1.8,6.6,Wheat,Loamy,5.32
735.3,26.0,160.1,6.3,6.0,Cotton,Clay,5.19
980.8,34.5,177.4,3.8,6.6,Maize,Clay,5.6
630.7,24.3,211.6,2.9,7.1,Rice,Sandy,4.6
830.5,35.8,175.6,9.2,6.2,Wheat,Sandy,5.66
651.0,28.2,112.4,5.3,7.7,Wheat,Clay,4.72
421.8,28.9,199.2,6.4,6.0,Wheat,Clay,5.43
1092.1,31.7,153.2,1.5,7.5,Cotton,Loamy,5.29
1083.2,28.5,107.3,6.4,7.4,Soybean,Clay,5.73
1084.2,23.6,219.6,6.0,6.1,Rice,Clay,7.14
962.2,30.3,218.3,1.2,7.1,Rice,Clay,5.85
971.1,26.3,85.7,3.9,6.3,Soybean,Clay,4.99
1167.6,20.1,215.2,7.1,8.0,Rice,Clay,6.6
756.9,30.6,72.9,2.7,6.7,Cotton,Loamy,4.62
395.6,23.1,234.0,4.8,7.1,Cotton,Sandy,4.04
603.4,29.4,212.1,2.6,6.0,Maize,Loamy,4.95
837.4,19.3,81.0,5.5,6.2,Maize,Clay,4.7
457.3,33.0,165.9,4.8,7.0,Wheat,Loamy,4.27
642.0,26.2,241.8,4.6,5.7,Wheat,Loamy,5.4
935.5,18.3,166.3,9.8,7.4,Cotton,Clay,5.92
312.1,30.6,125.8,9.6,6.2,Cotton,Clay,4.73
676.4,22.1,212.6,5.8,6.4,Soybean,Sandy,4.55
500.5,19.5,191.2,1.4,5.6,Soybean,Loamy,4.19
477.6,19.2,90.1,1.7,5.6,Soybean,Clay,3.25
509.6,20.6,56.1,6.0,5.8,Rice,Sandy,4.54
369.5,23.2,60.4,3.5,7.8,Soybean,Clay,3.74
826.1,21.4,111.4,7.8,7.3,Wheat,Sandy,5.06
867.9,28.6,146.1,8.6,7.8,Cotton,Sandy,5.67
851.7,34.0,56.9,4.4,7.1,Soybean,Clay,4.37
454.9,18.1,192.3,1.0,6.0,Wheat,Sandy,2.64
873.5,20.8,71.9,6.1,6.9,Soybean,Clay,4.89
506.4,36.5,231.2,5.6,6.3,Maize,Clay,5.06
1040.6,33.1,239.8,2.4,6.3,Wheat,Clay,5.27
847.4,25.6,223.3,5.1,7.9,Rice,Sandy,5.55
845.8,18.2,154.4,8.5,6.0,Wheat,Sandy,5.34
426.6,35.2,189.3,2.3,5.5,Maize,Loamy,3.68
762.8,34.8,154.2,3.8,7.8,Rice,Loamy,5.38
565.0,26.1,198.8,7.4,6.8,Soybean,Loamy,6.09
1158.9,27.9,202.2,6.4,7.1,Wheat,Loamy,6.48
985.5,31.6,148.6,9.1,7.0,Maize,Sandy,6.14
1036.6,19.4,227.6,8.6,5.6,Cotton,Loamy,5.93
877.0,19.3,77.9,7.0,7.9,Soybean,Loamy,5.84
961.6,32.0,189.0,8.8,7.9,Soybean,Clay,6.61
392.4,21.2,74.4,5.5,7.9,Cotton,Loamy,4.02
1126.5,32.0,180.3,6.9,6.3,Cotton,Sandy,5.55
1089.9,23.0,185.8,3.2,6.7,Maize,Sandy,4.98
513.9,24.1,55.6,5.7,7.7,Wheat,Clay,4.68
713.6,36.0,140.4,8.5,6.5,Maize,Sandy,4.39
1126.1,25.2,97.3,1.5,6.7,Wheat,Sandy,4.11
351.3,32.1,118.5,4.4,7.0,Maize,Loamy,4.08
637.6,37.6,136.5,3.2,6.7,Cotton,Clay,3.58
701.2,35.5,193.4,8.0,7.0,Maize,Clay,4.91
582.4,18.8,179.0,7.2,6.9,Wheat,Loamy,5.5
619.9,20.8,174.6,5.4,7.0,Maize,Clay,4.29
418.2,31.8,195.2,3.9,7.9,Wheat,Loamy,4.99
832.1,20.7,152.8,2.3,7.1,Rice,Sandy,5.05
420.3,37.8,95.7,8.3,7.0,Soybean,Loamy,4.6
616.2,36.3,216.3,4.1,6.9,Wheat,Clay,5.08
793.0,31.8,150.7,8.3,6.9,Rice,Clay,5.81
679.8,23.3,122.6,9.4,5.6,Cotton,Loamy,5.6
867.7,20.2,187.5,8.4,5.8,Wheat,Sandy,5.85
951.3,20.8,72.7,7.4,5.7,Soybean,Clay,5.7
838.3,25.7,198.3,1.1,7.1,Wheat,Clay,5.32
1014.0,26.9,109.1,9.1,5.6,Rice,Clay,6.75
993.7,34.0,135.6,4.4,6.1,Wheat,Loamy,5.53
350.5,26.8,171.3,6.2,6.7,Maize,Loamy,5.34
1098.5,34.5,141.3,9.3,7.9,Wheat,Clay,6.24
1192.3,25.3,121.3,5.9,7.5,Wheat,Sandy,5.71
630.6,34.3,178.6,4.7,7.6,Cotton,Clay,4.45
362.3,18.8,145.9,5.2,7.7,Cotton,Loamy,4.17
1061.5,31.9,151.6,1.5,7.5,Cotton,Clay,4.67
891.0,27.9,248.1,6.3,7.4,Cotton,Clay,5.67
853.4,37.3,118.9,9.0,5.8,Rice,Loamy,6.73
1097.9,21.1,93.0,6.6,7.2,Rice,Sandy,5.75
629.1,29.1,70.0,3.1,7.5,Soybean,Clay,4.46
348.9,20.0,249.6,1.9,7.5,Cotton,Clay,3.56
1123.0,24.1,73.8,2.4,6.8,Rice,Loamy,5.41
662.1,27.6,248.3,8.6,6.2,Cotton,Clay,5.85
959.5,31.3,197.7,2.8,5.8,Soybean,Clay,5.82
319.6,36.7,202.0,4.0,6.3,Rice,Sandy,3.52
635.0,28.6,83.1,2.0,5.7,Rice,Clay,4.42
1058.1,19.2,81.2,2.6,6.8,Soybean,Loamy,4.9
818.7,27.4,209.3,2.7,6.0,Cotton,Sandy,3.91
526.6,21.5,165.9,2.6,6.8,Cotton,Sandy,3.43
600.5,32.6,231.6,2.1,7.4,Rice,Clay,4.51
637.0,22.0,98.4,3.8,7.2,Cotton,Sandy,3.36
653.0,22.6,66.7,7.8,5.7,Cotton,Sandy,3.68
430.1,19.8,54.8,4.5,6.3,Soybean,Loamy,3.89
461.7,28.4,248.2,5.4,5.9,Rice,Loamy,6.48
477.6,18.9,228.1,2.3,5.5,Soybean,Loamy,4.35
443.6,33.9,232.3,1.8,7.3,Maize,Clay,3.71
1037.9,37.3,216.8,4.6,7.3,Rice,Sandy,5.6
827.8,33.7,117.3,8.2,7.2,Cotton,Loamy,5.1
428.2,31.9,194.9,3.4,6.5,Maize,Loamy,4.53
1138.2,35.9,138.2,1.7,6.2,Cotton,Clay,4.34
673.8,25.0,222.5,4.2,6.6,Cotton,Sandy,4.61
1120.8,23.1,78.2,3.5,7.8,Cotton,Sandy,4.19
363.8,24.0,124.4,1.8,7.1,Cotton,Sandy,2.29
1152.2,36.3,248.6,1.8,6.8,Maize,Sandy,4.81
473.8,32.3,65.0,3.6,5.8,Cotton,Sandy,3.28
825.9,18.4,200.8,9.9,6.7,Cotton,Sandy,5.16
329.3,23.3,90.3,7.7,7.0,Soybean,Sandy,3.6
801.7,28.6,204.1,3.4,6.9,Rice,Sandy,5.03
684.8,23.7,88.9,1.2,5.9,Maize,Clay,3.42
